, ,, ,,,,,,,,,,,,,,,,,,,,,
,,,,,,,,,,,,,,,,,, ,,,,,,
,,,,,,,,,,,,,,,,,,,,,,,,
県北地方　環境放射能測定結果（暫定値）,,,,（第269報）,,,,,,,,,,,モニタリング２－１(県北),,,,,,,,,
,,,,,,,,,,,,,,,,,平成23年11月1日～11月30日, ,,,,,,
,,,,,,,,,,,,,,,,,単位：μGy/h≒μSv/ｈ（ﾏｲｸﾛｸﾞﾚｲ/時間≒ﾏｲｸﾛｼｰﾍﾞﾙﾄ/時間）, ,,,,,,
測定月日,測定回,"福島
市役所","農業総合
センター
果樹研究所
(福島市)","福島西
IC","ふくしま自治研修センター
(福島市)","二本松市
東和支所","二本松市田沢
集会場","伊達市小国
ふれあい
センター","伊達市
下小国中央
集会場","伊達市霊山
パーキング","伊達市月舘
相葭公民館","本宮市役所
白沢総合支所","本宮市役所
旧白沢
総合支所","福島北警察署桑折分庁舎
(桑折町)","国見町
役場","川俣町
役場","大玉村
役場", ,,,,,,
福島第一原発からの方向及び距離,,"北西
約６２Km","北西
約６８Km","西北西
約６４Km","西北西
約６７Km","西北西
約４４Km","西北西
約３７Km","北西
約５５Km","北西
約５５Km","北西
約４８Km","北西
約４７Km","西
約５２Km","西
約５３Km","北西
約６６Km","北西
約６６Km","北西
約４７Km","西北西
約６０Km",,,,,,,
11月1日(火),1回目,"1.13
(8時10分)","0.63
(8時56分)","0.46
(8時18分)","0.35
(8時30分)","0.61
(9時07分)","0.50
(9時32分)","1.80
(11時15分)","1.47
(11時05分)","1.87
(10時23分)","2.13
(10時42分)","0.60
(10時10分)","0.76
(10時18分)","0.83
(9時30分)","0.43
(9時41分)","0.68
(8時46分)","0.51
(10時33分)",,,,,,,
,2回目,"1.16
(15時50分)","0.63
(15時32分)","0.46
(16時15分)","0.36
(16時00分)","0.59
(14時56分)","0.50
(14時06分)","1.83
(13時01分)","1.44
(13時09分)","1.84
(13時53分)","2.12
(13時27分)","0.59
(13時29分)","0.79
(13時22分)","0.81
(14時51分)","0.43
(14時42分)","0.68
(15時15分)","0.53
(13時06分)",,,,,,,
11月2日(水),1回目,"1.11
(8時12分)","0.61
(8時55分)","0.50
(8時14分)","0.35
(8時27分)","0.60
(9時08分)","0.50
(9時30分)","1.80
(11時11分)","1.43
(11時00分)","1.85
(10時25分)","2.11
(10時41分)","0.60
(10時07分)","0.76
(10時14分)","0.82
(9時33分)","0.45
(9時43分)","0.67
(8時46分)","0.50
(10時32分)",,,,,,,
,2回目,"1.12
(15時36分)","0.62
(14時55分)","0.50
(15時47分)","0.35
(15時24分)","0.58
(14時24分)","0.47
(14時01分)","1.80
(13時00分)","1.48
(13時06分)","1.81
(13時41分)","2.11
(13時25分)","0.60
(13時23分)","0.76
(13時16分)","0.82
(14時33分)","0.44
(14時23分)","0.66
(14時43分)","0.50
(13時02分)",,,,,,,
11月3日(木),1回目,"1.14
(8時21分)","0.58
(8時58分)","0.50
(8時15分)","0.34
(8時30分)","0.59
(9時40分)","0.51
(10時07分)","1.84
(11時10分)","1.44
(11時00分)","1.85
(10時23分)","2.13
(10時39分)","0.61
(10時46分)","0.79
(10時53分)","0.80
(9時24分)","0.44
(9時35分)","0.72
(9時20分)","0.54
(11時09分)",,,,,,,
,2回目,"1.12
(15時21分)","0.58
(14時58分)","0.46
(15時47分)","0.35
(15時33分)","0.60
(14時22分)","0.51
(13時59分)","1.85
(13時00分)","1.46
(13時09分)","1.84
(13時46分)","2.11
(13時29分)","0.60
(13時23分)","0.80
(13時17分)","0.79
(14時37分)","0.44
(14時26分)","0.70
(14時41分)","0.55
(13時01分)",,,,,,,
11月4日(金),1回目,"1.14
(8時19分)","0.59
(8時56分)","0.47
(8時14分)","0.34
(8時29分)","0.60
(9時11分)","0.50
(9時34分)","1.82
(11時13分)","1.48
(11時04分)","1.81
(10時24分)","2.09
(10時42分)","0.61
(10時09分)","0.78
(10時15分)","0.80
(9時20分)","0.43
(9時30分)","0.72
(8時52分)","0.51
(10時32分)",,,,,,,
,2回目,"1.15
(15時52分)","0.59
(14時57分)","0.47
(15時52分)","0.34
(15時37分)","0.59
(14時49分)","0.49
(14時06分)","1.84
(13時00分)","1.48
(13時08分)","1.80
(13時44分)","2.11
(13時28分)","0.60
(13時26分)","0.76
(13時20分)","0.80
(14時36分)","0.42
(14時26分)","0.66
(15時09分)","0.50
(13時06分)",,,,,,,
11月5日(土),1回目,"1.13
(8時07分)","0.59
(8時59分)","0.45
(8時18分)","0.33
(8時32分)","0.63
(9時08分)","0.51
(9時33分)","1.82
(11時07分)","1.45
(10時58分)","1.87
(10時20分)","2.14
(10時37分)","0.63
(10時19分)","0.78
(10時27分)","0.80
(9時23分)","0.44
(9時33分)","0.64
(8時45分)","0.53
(10時42分)",,,,,,,
,2回目,"1.14
(15時36分)","0.57
(14時58分)","0.47
(15時43分)","0.35
(15時28分)","0.59
(14時41分)","0.49
(13時58分)","1.81
(13時00分)","1.44
(13時07分)","1.88
(13時42分)","2.12
(13時27分)","0.63
(13時20分)","0.78
(13時12分)","0.80
(14時36分)","0.43
(14時25分)","0.73
(15時03分)","0.53
(13時00分)",,,,,,,
11月6日(日),1回目,"1.14
(8時11分)","0.59
(8時56分)","0.48
(8時15分)","0.34
(8時29分)","0.61
(9時05分)","0.51
(9時27分)","1.83
(11時02分)","1.51
(10時54分)","1.83
(10時19分)","2.12
(10時35分)","0.56
(10時26分)","0.76
(10時39分)","0.80
(9時18分)","0.43
(9時30分)","0.74
(8時47分)","0.52
(10時55分)",,,,,,,
,2回目,"1.13
(15時39分)","0.60
(14時54分)","0.45
(15時38分)","0.34
(15時23分)","0.61
(14時48分)","0.51
(14時03分)","1.81
(13時00分)","1.51
(13時09分)","1.82
(13時46分)","2.11
(13時29分)","0.57
(13時24分)","0.76
(13時14分)","0.81
(14時36分)","0.42
(14時25分)","0.73
(15時08分)","0.52
(13時00分)",,,,,,,
11月7日(月),1回目,"1.14
(8時10分)","0.60
(9時03分)","0.45
(8時20分)","0.35
(8時35分)","0.60
(9時12分)","0.48
(9時43分)","1.79
(11時17分)","1.48
(11時09分)","1.77
(10時22分)","2.08
(10時41分)","0.61
(10時34分)","0.73
(10時42分)","0.80
(9時26分)","0.41
(9時36分)","0.73
(8時54分)","0.52
(10時57分)",,,,,,,
,2回目,"1.14
(15時43分)","0.61
(15時05分)","0.45
(15時51分)","0.34
(15時37分)","0.60
(14時51分)","0.48
(14時00分)","1.75
(13時00分)","1.45
(13時08分)","1.77
(13時46分)","2.09
(13時30分)","0.61
(13時22分)","0.76
(13時13分)","0.81
(14時43分)","0.41
(14時34分)","0.74
(15時09分)","0.53
(13時00分)",,,,,,,
11月8日(火),1回目,"1.13
(8時13分)","0.61
(9時00分)","0.50
(8時16分)","0.34
(8時30分)","0.61
(9時08分)","0.50
(9時37分)","1.78
(11時08分)","1.48
(10時59分)","1.81
(10時16分)","2.12
(10時31分)","0.62
(10時25分)","0.76
(10時33分)","0.81
(9時24分)","0.42
(9時34分)","0.73
(8時49分)","0.52
(10時48分)",,,,,,,
,2回目,"1.14
(15時53分)","0.61
(15時04分)","0.49
(15時47分)","0.35
(15時33分)","0.60
(14時46分)","0.50
(13時57分)","1.78
(13時00分)","1.45
(13時08分)","1.81
(13時44分)","2.09
(13時28分)","0.61
(13時20分)","0.76
(13時13分)","0.81
(14時40分)","0.41
(14時29分)","0.73
(15時04分)","0.52
(13時00分)",,,,,,,
11月9日(水),1回目,"1.25
(8時12分)","0.63
(9時04分)","0.46
(8時22分)","0.35
(8時35分)","0.59
(9時05分)","0.48
(9時30分)","1.82
(11時14分)","1.44
(11時04分)","1.79
(10時19分)","2.08
(10時34分)","0.61
(10時18分)","0.73
(10時27分)","0.80
(9時27分)","0.43
(9時37分)","0.67
(8時46分)","0.51
(10時43分)",,,,,,,
,2回目,"1.21
(15時36分)","0.61
(14時58分)","0.44
(15時42分)","0.34
(15時28分)","0.60
(14時44分)","0.49
(14時02分)","1.79
(13時00分)","1.46
(13時08分)","1.77
(13時44分)","2.11
(13時28分)","0.61
(13時25分)","0.73
(13時17分)","0.82
(14時38分)","0.44
(14時29分)","0.67
(15時03分)","0.52
(13時01分)",,,,,,,
11月10日(木),1回目,"1.16
(8時09分)","0.61
(9時02分)","0.47
(8時19分)","0.36
(8時32分)","0.59
(9時01分)","0.49
(9時27分)","1.77
(11時12分)","1.46
(11時04分)","1.80
(10時17分)","2.11
(10時37分)","0.62
(10時20分)","0.72
(10時28分)","0.80
(9時26分)","0.43
(9時36分)","0.66
(8時42分)","0.50
(10時44分)",,,,,,,
,2回目,"1.26
(15時42分)","0.60
(15時06分)","0.46
(15時51分)","0.34
(15時37分)","0.57
(14時46分)","0.47
(14時01分)","1.76
(13時00分)","1.40
(13時08分)","1.77
(13時47分)","2.09
(13時29分)","0.60
(13時24分)","0.73
(13時15分)","0.81
(14時43分)","0.42
(14時33分)","0.63
(15時06分)","0.50
(13時00分)",,,,,,,
11月11日(金),1回目,"1.11
(8時10分)","0.62
(8時53分)","0.48
(8時17分)","0.35
(8時29分)","0.61
(9時04分)","0.49
(9時30分)","1.84
(11時23分)","1.42
(11時09分)","1.86
(10時22分)","2.11
(10時39分)","0.61
(10時19分)","0.72
(10時28分)","0.83
(9時28分)","0.45
(9時38分)","0.65
(8時44分)","0.51
(10時46分)",,,,,,,
,2回目,"1.24
(15時39分)","0.60
(15時26分)","0.47
(16時11分)","0.36
(15時56分)","0.59
(14時42分)","0.49
(14時05分)","1.82
(13時00分)","1.42
(13時09分)","1.87
(13時49分)","2.12
(13時30分)","0.61
(13時26分)","0.72
(13時18分)","0.83
(14時52分)","0.45
(14時36分)","0.64
(15時02分)","0.52
(13時02分)",,,,,,,
11月12日(土),1回目,"1.15
(8時08分)","0.60
(8時56分)","0.46
(8時16分)","0.35
(8時28分)","0.60
(9時00分)","0.49
(9時24分)","1.81
(11時13分)","1.43
(11時02分)","1.82
(10時24分)","2.10
(10時41分)","0.62
(10時20分)","0.72
(10時29分)","0.83
(9時34分)","0.45
(9時45分)","0.66
(8時41分)","0.50
(10時44分)",,,,,,,
,2回目,"1.15
(15時24分)","0.60
(15時27分)","0.45
(16時10分)","0.35
(15時55分)","0.57
(14時29分)","0.49
(13時57分)","1.80
(13時00分)","1.43
(13時05分)","1.81
(13時53分)","2.10
(13時23分)","0.61
(13時21分)","0.71
(13時14分)","0.82
(14時47分)","0.43
(14時36分)","0.66
(14時46分)","0.51
(13時00分)",,,,,,,
11月13日(日),1回目,"1.17
(8時13分)","0.61
(8時59分)","0.43
(8時20分)","0.35
(8時33分)","0.59
(9時02分)","0.48
(9時27分)","1.79
(11時08分)","1.42
(11時01分)","1.84
(10時23分)","2.05
(10時40分)","0.58
(10時01分)","0.75
(10時07分)","0.85
(9時35分)","0.44
(9時45分)","0.69
(8時45分)","0.51
(10時22分)",,,,,,,
,2回目,"1.13
(15時15分)","0.61
(15時20分)","0.43
(16時05分)","0.34
(15時50分)","0.60
(14時26分)","0.49
(14時02分)","1.83
(13時00分)","1.45
(13時09分)","1.84
(13時51分)","2.09
(13時28分)","0.61
(13時24分)","0.76
(13時16分)","0.86
(14時46分)","0.44
(14時34分)","0.66
(14時42分)","0.50
(13時03分)",,,,,,,
11月14日(月),1回目,"1.17
(8時16分)","0.60
(8時50分)","0.46
(8時13分)","0.35
(8時24分)","0.59
(9時10分)","0.49
(9時37分)","1.79
(11時04分)","1.45
(10時55分)","1.82
(10時16分)","2.07
(10時33分)","0.60
(10時17分)","0.76
(10時24分)","0.81
(9時26分)","0.43
(9時35分)","0.66
(8時52分)","0.50
(10時40分)",,,,,,,
,2回目,"1.21
(15時58分)","0.60
(15時07分)","0.47
(15時47分)","0.35
(15時35分)","0.57
(14時55分)","0.49
(14時03分)","1.80
(13時00分)","1.44
(13時08分)","1.83
(13時44分)","2.08
(13時27分)","0.58
(13時26分)","0.76
(13時19分)","0.81
(14時38分)","0.43
(14時27分)","0.67
(15時12分)","0.50
(13時05分)",,,,,,,
11月15日(火),1回目,"1.12
(8時13分)","0.60
(9時06分)","0.41
(8時23分)","0.35
(8時37分)","0.56
(9時06分)","0.48
(9時30分)","1.80
(11時15分)","1.45
(11時07分)","1.82
(10時29分)","2.03
(10時45分)","0.60
(10時09分)","0.75
(10時15分)","0.80
(9時30分)","0.41
(9時41分)","0.68
(8時47分)","0.51
(10時31分)",,,,,,,
,2回目,"1.14
(15時40分)","0.60
(15時00分)","0.46
(15時53分)","0.34
(15時37分)","0.58
(14時49分)","0.49
(14時05分)","1.79
(13時00分)","1.44
(13時09分)","1.76
(13時44分)","2.03
(13時28分)","0.60
(13時25分)","0.74
(13時17分)","0.79
(14時39分)","0.42
(14時28分)","0.66
(15時08分)","0.51
(13時03分)",,,,,,,
11月16日(水),1回目,"1.21
(8時11分)","0.59
(9時03分)","0.45
(8時23分)","0.34
(8時35分)","0.58
(9時06分)","0.48
(9時32分)","1.81
(11時11分)","1.43
(11時01分)","1.80
(10時24分)","2.05
(10時41分)","0.60
(10時12分)","0.73
(10時20分)","0.81
(9時23分)","0.42
(9時34分)","0.65
(8時47分)","0.50
(10時37分)",,,,,,,
,2回目,"1.20
(15時58分)","0.60
(15時00分)","0.46
(15時47分)","0.34
(15時34分)","0.57
(14時53分)","0.45
(14時02分)","1.82
(13時00分)","1.47
(13時09分)","1.82
(13時45分)","2.07
(13時29分)","0.60
(13時26分)","0.73
(13時18分)","0.81
(14時38分)","0.43
(14時29分)","0.67
(15時15分)","0.50
(13時04分)",,,,,,,
11月17日(木),1回目,"1.13
(8時07分)","0.59
(8時56分)","0.45
(8時17分)","0.34
(8時30分)","0.59
(9時00分)","0.48
(9時24分)","1.79
(11時12分)","1.44
(11時03分)","1.83
(10時27分)","2.08
(10時43分)","0.62
(10時17分)","0.77
(10時26分)","0.78
(9時23分)","0.41
(9時36分)","0.71
(8時42分)","0.53
(10時42分)",,,,,,,
,2回目,"1.16
(15時50分)","0.58
(15時09分)","0.45
(15時55分)","0.35
(15時41分)","0.59
(14時32分)","0.49
(13時55分)","1.78
(13時00分)","1.43
(13時08分)","1.80
(13時45分)","2.05
(13時29分)","0.63
(13時19分)","0.78
(13時12分)","0.77
(14時45分)","0.41
(14時33分)","0.74
(14時47分)","0.52
(13時00分)",,,,,,,
11月18日(金),1回目,"1.13
(8時06分)","0.58
(9時00分)","0.46
(8時20分)","0.35
(8時33分)","0.60
(8時58分)","0.50
(9時26分)","1.80
(11時12分)","1.48
(11時03分)","1.80
(10時27分)","2.05
(10時43分)","0.60
(10時14分)","0.75
(10時22分)","0.80
(9時25分)","0.43
(9時36分)","0.71
(8時41分)","0.51
(10時38分)",,,,,,,
,2回目,"1.22
(15時46分)","0.59
(14時58分)","0.47
(15時55分)","0.34
(15時43分)","0.60
(14時49分)","0.49
(13時57分)","1.80
(13時00分)","1.47
(13時08分)","1.81
(13時44分)","2.04
(13時28分)","0.60
(13時22分)","0.75
(13時14分)","0.81
(14時36分)","0.42
(14時26分)","0.70
(15時07分)","0.52
(13時00分)",,,,,,,
11月19日(土),1回目,"1.17
(8時04分)","0.60
(8時59分)","0.48
(8時17分)","0.33
(8時30分)","0.60
(9時04分)","0.48
(9時29分)","1.79
(11時14分)","1.44
(11時03分)","1.86
(10時28分)","2.04
(10時44分)","0.60
(10時16分)","0.75
(10時22分)","0.77
(9時21分)","0.41
(9時32分)","0.76
(8時45分)","0.51
(10時45分)",,,,,,,
,2回目,"1.15
(15時36分)","0.58
(15時05分)","0.50
(15時58分)","0.33
(15時43分)","0.61
(14時37分)","0.48
(14時06分)","1.79
(13時01分)","1.46
(13時10分)","1.86
(13時46分)","2.05
(13時30分)","0.61
(13時24分)","0.74
(13時15分)","0.79
(14時44分)","0.41
(14時32分)","0.71
(14時55分)","0.52
(13時01分)",,,,,,,
11月20日(日),1回目,"1.13
(7時53分)","0.58
(8時53分)","0.50
(8時12分)","0.35
(8時25分)","0.62
(8時40分)","0.51
(9時04分)","1.75
(10時58分)","1.41
(10時49分)","1.78
(10時04分)","2.10
(10時21分)","0.60
(9時47分)","0.76
(9時54分)","0.80
(9時15分)","0.39
(9時25分)","0.73
(8時23分)","0.50
(10時09分)",,,,,,,
,2回目,"1.13
(15時49分)","0.60
(14時55分)","0.47
(15時38分)","0.35
(15時25分)","0.61
(14時29分)","0.50
(14時01分)","1.73
(13時00分)","1.42
(13時07分)","1.77
(13時45分)","2.11
(13時29分)","0.61
(13時22分)","0.75
(13時16分)","0.81
(14時35分)","0.41
(14時26分)","0.73
(14時46分)","0.51
(13時03分)",,,,,,,
11月21日(月),1回目,"1.15
(8時20分)","0.62
(9時12分)","0.47
(8時30分)","0.35
(8時44分)","0.59
(9時12分)","0.48
(9時36分)","1.75
(11時21分)","1.40
(11時12分)","1.76
(10時29分)","2.09
(10時46分)","0.59
(10時22分)","0.75
(10時30分)","0.82
(9時35分)","0.42
(9時47分)","0.64
(8時54分)","0.51
(10時48分)",,,,,,,
,2回目,"1.12
(15時37分)","0.60
(15時01分)","0.50
(15時43分)","0.35
(15時29分)","0.59
(14時43分)","0.48
(14時03分)","1.77
(13時00分)","1.41
(13時08分)","1.79
(13時44分)","2.12
(13時29分)","0.60
(13時25分)","0.74
(13時16分)","0.80
(14時39分)","0.41
(14時27分)","0.64
(15時02分)","0.52
(13時00分)",,,,,,,
11月22日(火),1回目,"1.15
(8時14分)","0.59
(9時03分)","0.52
(8時24分)","0.36
(8時36分)","0.59
(9時02分)","0.49
(9時27分)","1.69
(11時07分)","1.41
(10時59分)","1.75
(10時15分)","2.06
(10時33分)","0.59
(10時17分)","0.75
(10時26分)","0.80
(9時23分)","0.40
(9時34分)","0.64
(8時45分)","0.52
(10時41分)",,,,,,,
,2回目,"1.15
(15時33分)","0.61
(15時12分)","0.50
(15時55分)","0.33
(15時41分)","0.59
(14時21分)","0.49
(13時56分)","1.70
(13時04分)","1.42
(13時12分)","1.75
(13時51分)","2.13
(13時36分)","0.60
(13時22分)","0.73
(13時14分)","0.81
(14時49分)","0.41
(14時38分)","0.64
(14時40分)","0.52
(13時00分)",,,,,,,
11月23日(水),1回目,"1.15
(8時08分)","0.59
(8時49分)","0.46
(8時10分)","0.36
(8時23分)","0.60
(8時57分)","0.48
(9時23分)","1.81
(11時06分)","1.44
(10時58分)","1.84
(10時18分)","2.08
(10時35分)","0.60
(10時19分)","0.72
(10時27分)","0.85
(9時28分)","0.43
(9時38分)","0.65
(8時40分)","0.50
(10時43分)",,,,,,,
,2回目,"1.14
(15時10分)","0.59
(15時02分)","0.45
(15時43分)","0.33
(15時29分)","0.59
(14時19分)","0.49
(13時57分)","1.79
(13時01分)","1.45
(13時08分)","1.85
(13時44分)","2.09
(13時27分)","0.60
(13時22分)","0.74
(13時15分)","0.83
(14時33分)","0.42
(14時24分)","0.69
(14時36分)","0.51
(13時00分)",,,,,,,
11月24日(木),1回目,"1.12
(8時17分)","0.58
(9時03分)","0.51
(8時21分)","0.34
(8時33分)","0.60
(9時12分)","0.48
(9時35分)","1.79
(11時18分)","1.44
(11時08分)","1.81
(10時33分)","2.09
(10時48分)","0.60
(10時13分)","0.75
(10時21分)","0.84
(9時41分)","0.42
(9時52分)","0.67
(8時53分)","0.51
(10時35分)",,,,,,,
,2回目,"1.10
(15時51分)","0.59
(15時08分)","0.48
(15時50分)","0.34
(15時37分)","0.59
(14時59分)","0.49
(14時10分)","1.80
(13時01分)","1.44
(13時07分)","1.79
(13時44分)","2.08
(13時26分)","0.58
(13時27分)","0.74
(13時19分)","0.83
(14時38分)","0.43
(14時27分)","0.64
(15時18分)","0.49
(13時04分)",,,,,,,
11月25日(金),1回目,"1.11
(8時16分)","0.61
(9時03分)","0.54
(8時20分)","0.34
(8時31分)","0.59
(9時08分)","0.49
(9時32分)","1.73
(11時23分)","1.37
(11時14分)","1.83
(10時37分)","2.02
(10時55分)","0.59
(10時12分)","0.76
(10時21分)","0.83
(9時47分)","0.41
(9時58分)","0.66
(8時49分)","0.49
(10時35分)",,,,,,,
,2回目,"1.14
(15時55分)","0.60
(15時17分)","0.54
(15時59分)","0.35
(15時45分)","0.57
(14時52分)","0.47
(14時03分)","1.75
(13時00分)","1.40
(13時08分)","1.75
(13時49分)","2.10
(13時29分)","0.57
(13時25分)","0.77
(13時18分)","0.83
(14時48分)","0.40
(14時35分)","0.66
(15時09分)","0.50
(13時04分)",,,,,,,
11月26日(土),1回目,"1.13
(8時17分)","0.60
(8時58分)","0.48
(8時21分)","0.34
(8時33分)","0.58
(9時15分)","0.48
(9時38分)","1.76
(11時06分)","1.41
(10時58分)","1.79
(10時21分)","2.08
(10時39分)","0.60
(10時13分)","0.76
(10時20分)","0.83
(9時35分)","0.42
(9時45分)","0.67
(8時57分)","0.50
(10時33分)",,,,,,,
,2回目,"1.11
(15時29分)","0.60
(14時56分)","0.47
(15時39分)","0.35
(15時26分)","0.58
(14時32分)","0.49
(14時09分)","1.76
(13時01分)","1.40
(13時07分)","1.79
(13時42分)","2.08
(13時25分)","0.60
(13時31分)","0.77
(13時24分)","0.82
(14時30分)","0.42
(14時20分)","0.66
(14時50分)","0.49
(13時09分)",,,,,,,
11月27日(日),1回目,"1.12
(8時16分)","0.59
(9時01分)","0.52
(8時20分)","0.34
(8時35分)","0.58
(9時11分)","0.48
(9時36分)","1.74
(11時07分)","1.46
(10時58分)","1.85
(10時22分)","2.06
(10時38分)","0.60
(10時16分)","0.76
(10時24分)","0.81
(9時21分)","0.41
(9時31分)","0.66
(8時49分)","0.49
(10時37分)",,,,,,,
,2回目,"1.11
(15時15分)","0.56
(15時00分)","0.48
(15時45分)","0.34
(15時29分)","0.59
(14時24分)","0.46
(14時03分)","1.69
(13時00分)","1.45
(13時08分)","1.85
(13時43分)","2.06
(13時27分)","0.59
(13時27分)","0.76
(13時20分)","0.83
(14時37分)","0.41
(14時25分)","0.69
(14時41分)","0.50
(13時06分)",,,,,,,
11月28日(月),1回目,"1.14
(8時17分)","0.59
(9時09分)","0.46
(8時28分)","0.35
(8時40分)","0.59
(9時10分)","0.48
(9時34分)","1.80
(11時20分)","1.48
(11時11分)","1.80
(10時33分)","2.04
(10時50分)","0.57
(10時11分)","0.73
(10時20分)","0.78
(9時29分)","0.41
(9時42分)","0.68
(8時53分)","0.49
(10時35分)",,,,,,,
,2回目,"1.12
(15時59分)","0.60
(15時01分)","0.46
(15時53分)","0.34
(15時39分)","0.58
(14時55分)","0.49
(14時02分)","1.80
(13時00分)","1.48
(13時09分)","1.77
(13時45分)","2.04
(13時29分)","0.58
(13時23分)","0.75
(13時16分)","0.80
(14時39分)","0.41
(14時29分)","0.67
(15時13分)","0.48
(13時02分)",,,,,,,
11月29日(火),1回目,"1.13
(8時11分)","0.59
(9時02分)","0.44
(8時23分)","0.34
(8時35分)","0.58
(9時02分)","0.48
(9時29分)","1.70
(11時13分)","1.42
(11時04分)","1.82
(10時27分)","2.07
(10時43分)","0.59
(10時11分)","0.76
(10時19分)","0.78
(9時25分)","0.41
(9時36分)","0.72
(8時46分)","0.50
(10時34分)",,,,,,,
,2回目,"1.13
(15時38分)","0.58
(15時00分)","0.45
(15時54分)","0.32
(15時39分)","0.57
(14時24分)","0.48
(13時53分)","1.73
(13時00分)","1.42
(13時07分)","1.82
(13時43分)","2.06
(13時27分)","0.61
(13時18分)","0.74
(13時12分)","0.76
(14時36分)","0.40
(14時24分)","0.71
(14時40分)","0.50
(13時00分)",,,,,,,
11月30日(水),1回目,"1.12
(8時06分)","0.58
(9時02分)","0.48
(8時21分)","0.34
(8時34分)","0.60
(8時58分)","0.49
(9時25分)","1.81
(11時10分)","1.46
(11時01分)","1.79
(10時23分)","2.02
(10時39分)","0.61
(10時16分)","0.76
(10時23分)","0.79
(9時23分)","0.42
(9時32分)","0.71
(8時41分)","0.52
(10時39分)",,,,,,,
,2回目,"1.16
(15時37分)","0.58
(15時00分)","0.44
(15時54分)","0.34
(15時39分)","0.60
(14時43分)","0.50
(13時58分)","1.80
(13時00分)","1.46
(13時09分)","1.80
(13時46分)","2.02
(13時30分)","0.60
(13時23分)","0.75
(13時16分)","0.79
(14時40分)","0.43
(14時28分)","0.71
(15時02分)","0.51
(13時02分)",,,,,,,
,,,,,,,,,,,,,,,,,,,,,,,,
※留意点１　これまでの定点での測定値に加え、環境放射能測定値の高い地域周辺を移動して測定した結果です。,,,,,,,,,,,,,,,,,,,,,,,,
※留意点２　測定装置は全てサーベイメータです。,,,,,,,,,,,,,,,,,,,,,,,,
,,,,,,,,,,,,,,,,,,,,,,,,
,,,,,,,,,,,,,,,,,,,,,,,,
,,,,,,,,,,,,,,,,,,,,,,,,
県中地方　環境放射能測定結果（暫定値）,,,,,（第269報）,,,,,,,,,モニタリング２－２(県中),,,,,,,,,,
,,,,,,,,,,,,,, ,,平成23年11月1日～11月30日,,,,,,,,
,,,,,,,,,,,,,,,,単位：μGy/h≒μSv/ｈ（ﾏｲｸﾛｸﾞﾚｲ/時間≒ﾏｲｸﾛｼｰﾍﾞﾙﾄ/時間）,,,,,,,,
測定月日,測定回,"福島県農業
総合センター","ビッグパレット
ふくしま","郡山市立
田母神小学校","郡山市逢瀬
行政センター","須賀川市役所
長沼支所","須賀川市役所
岩瀬支所","三春町
役場","小野町
役場","鏡石町
役場","天栄村
役場","石川町
役場","玉川村
役場","浅川町
役場","平田村
役場","古殿町
役場",,,,,,,,
福島第一原発からの方向及び距離,,"西
約５７km","西
約５８km","西南西
約４６km","西
約６８km","西南西
約７４Km","西南西
約６８Km","西
約４８Km","西南西
約３９Km","西南西
約６４Km","西南西
約７２Km","西南西
約６０Km","西南西
約６０Km","南西
約６７Km","西南西
約４７Km","南西
約５６Km",,,,,,,,
11月1日(火),1回目,"1.00
(8時25分)","0.52
(8時55分)","0.22
(10時20分)","0.48
(8時25分)","0.82
(9時00分)","0.85
(8時45分)","0.28
(9時25分)","0.10
(10時00分)","0.20
(9時45分)","0.71
(9時25分)","0.10
(10時50分)","0.14
(10時30分)","0.15
(11時15分)","0.16
(10時35分)","0.16
(11時05分)",,,,,,,,
,2回目,"0.98
(16時10分)","0.54
(15時40分)","0.21
(13時55分)","0.46
(15時58分)","0.82
(15時26分)","0.82
(15時40分)","0.27
(15時10分)","0.10
(14時15分)","0.19
(14時03分)","0.71
(14時33分)","0.09
(13時24分)","0.15
(13時42分)","0.15
(13時03分)","0.16
(13時40分)","0.16
(13時10分)",,,,,,,,
11月2日(水),1回目,"1.01
(8時30分)","0.54
(8時55分)","0.22
(10時20分)","0.51
(8時30分)","0.93
(9時10分)","0.92
(8時50分)","0.28
(9時35分)","0.10
(10時00分)","0.23
(9時55分)","0.74
(9時35分)","0.10
(10時55分)","0.16
(10時35分)","0.15
(11時10分)","0.16
(10時35分)","0.16
(11時05分)",,,,,,,,
,2回目,"1.00
(16時15分)","0.55
(15時50分)","0.21
(14時15分)","0.48
(15時57分)","0.86
(15時25分)","0.90
(15時40分)","0.28
(15時00分)","0.09
(14時35分)","0.22
(14時04分)","0.68
(14時24分)","0.11
(13時23分)","0.15
(13時44分)","0.15
(13時01分)","0.15
(14時00分)","0.15
(13時30分)",,,,,,,,
11月3日(木),1回目,"1.00
(8時40分)","0.53
(9時05分)","0.21
(10時30分)","0.51
(8時35分)","0.90
(9時05分)","0.89
(8時50分)","0.27
(9時45分)","0.09
(10時10分)","0.24
(9時40分)","0.77
(9時20分)","0.11
(10時45分)","0.15
(10時25分)","0.14
(11時05分)","0.17
(10時45分)","0.15
(11時10分)",,,,,,,,
,2回目,"1.02
(16時10分)","0.51
(15時40分)","0.20
(13時45分)","0.51
(15時53分)","0.85
(15時20分)","0.91
(15時36分)","0.26
(14時45分)","0.10
(14時10分)","0.22
(14時03分)","0.78
(14時23分)","0.11
(13時27分)","0.16
(13時46分)","0.15
(13時05分)","0.17
(13時25分)","0.16
(13時05分)",,,,,,,,
11月4日(金),1回目,"0.98
(8時20分)","0.53
(8時55分)","0.21
(10時30分)","0.53
(8時25分)","0.87
(9時00分)","0.92
(8時45分)","0.28
(9時30分)","0.09
(10時15分)","0.23
(9時35分)","0.75
(9時15分)","0.10
(10時40分)","0.15
(10時21分)","0.16
(11時00分)","0.16
(10時50分)","0.16
(11時15分)",,,,,,,,
,2回目,"1.00
(16時15分)","0.53
(15時15分)","0.20
(13時55分)","0.50
(15時10分)","0.85
(14時35分)","0.88
(14時50分)","0.27
(14時40分)","0.09
(14時10分)","0.21
(14時00分)","0.74
(14時20分)","0.11
(13時20分)","0.15
(13時40分)","0.16
(13時00分)","0.16
(13時40分)","0.16
(13時10分)",,,,,,,,
11月5日(土),1回目,"1.01
(8時30分)","0.52
(8時55分)","0.21
(10時30分)","0.48
(8時30分)","0.83
(9時05分)","0.91
(8時50分)","0.29
(9時25分)","0.10
(10時15分)","0.22
(9時40分)","0.76
(9時20分)","0.11
(10時55分)","0.15
(10時25分)","0.16
(11時15分)","0.17
(10時45分)","0.15
(11時10分)",,,,,,,,
,2回目,"0.95
(16時00分)","0.52
(15時25分)","0.20
(13時45分)","0.49
(15時45分)","0.84
(15時15分)","0.89
(15時30分)","0.27
(14時30分)","0.09
(14時00分)","0.22
(14時00分)","0.78
(14時20分)","0.11
(13時25分)","0.16
(13時40分)","0.16
(13時05分)","0.16
(13時30分)","0.15
(13時00分)",,,,,,,,
11月6日(日),1回目,"1.01
(8時20分)","0.51
(8時50分)","0.20
(10時05分)","0.50
(8時26分)","0.85
(8時58分)","0.86
(8時43分)","0.27
(9時20分)","0.10
(9時50分)","0.21
(9時32分)","0.74
(9時11分)","0.09
(10時38分)","0.15
(10時18分)","0.16
(10時57分)","0.16
(10時20分)","0.15
(10時45分)",,,,,,,,
,2回目,"0.98
(15時10分)","0.51
(14時40分)","0.20
(12時50分)","0.45
(15時05分)","0.84
(14時30分)","0.89
(14時45分)","0.27
(13時45分)","0.09
(13時05分)","0.22
(13時40分)","0.64
(14時00分)","0.11
(13時00分)","0.15
(13時20分)","0.15
(12時45分)","0.17
(12時35分)","0.16
(12時05分)",,,,,,,,
11月7日(月),1回目,"1.01
(8時25分)","0.52
(8時50分)","0.22
(10時15分)","0.47
(8時25分)","0.89
(9時05分)","0.88
(8時40分)","0.28
(9時25分)","0.09
(10時00分)","0.20
(9時45分)","0.70
(9時20分)","0.10
(10時50分)","0.16
(10時30分)","0.16
(11時15分)","0.16
(10時30分)","0.15
(11時00分)",,,,,,,,
,2回目,"1.00
(16時15分)","0.53
(15時15分)","0.22
(13時50分)","0.48
(15時54分)","0.90
(15時19分)","0.90
(15時35分)","0.28
(14時40分)","0.10
(14時10分)","0.23
(13時59分)","0.72
(14時21分)","0.10
(13時17分)","0.15
(13時38分)","0.16
(12時57分)","0.15
(13時35分)","0.15
(13時10分)",,,,,,,,
11月8日(火),1回目,"0.98
(8時25分)","0.54
(8時50分)","0.21
(10時15分)","0.48
(8時20分)","0.87
(8時55分)","0.91
(8時35分)","0.28
(9時30分)","0.10
(10時00分)","0.23
(9時30分)","0.72
(9時10分)","0.12
(10時50分)","0.17
(10時35分)","0.16
(11時10分)","0.16
(10時30分)","0.16
(11時00分)",,,,,,,,
,2回目,"0.99
(15時05分)","0.53
(14時10分)","0.21
(12時40分)","0.50
(15時54分)","0.81
(15時22分)","0.90
(15時36分)","0.28
(13時30分)","0.10
(13時00分)","0.23
(14時11分)","0.68
(14時32分)","0.12
(13時13分)","0.16
(13時30分)","0.15
(12時54分)","0.16
(12時25分)","0.16
(12時00分)",,,,,,,,
11月9日(水),1回目,"0.96
(8時30分)","0.52
(9時00分)","0.21
(10時20分)","0.48
(8時25分)","0.89
(9時00分)","0.89
(8時45分)","0.28
(9時30分)","0.10
(10時05分)","0.20
(9時35分)","0.72
(9時20分)","0.11
(10時40分)","0.16
(10時20分)","0.15
(11時00分)","0.16
(10時35分)","0.16
(11時00分)",,,,,,,,
,2回目,"0.97
(16時10分)","0.52
(15時45分)","0.22
(14時10分)","0.50
(16時01分)","0.88
(15時23分)","0.88
(15時38分)","0.27
(15時15分)","0.09
(14時30分)","0.23
(13時54分)","0.71
(14時15分)","0.12
(13時15分)","0.16
(13時33分)","0.16
(12時58分)","0.16
(13時55分)","0.15
(13時30分)",,,,,,,,
11月10日(木),1回目,"1.00
(8時30分)","0.52
(9時00分)","0.21
(10時20分)","0.49
(8時25分)","0.88
(9時00分)","0.89
(8時45分)","0.29
(9時30分)","0.10
(10時05分)","0.23
(9時40分)","0.69
(9時15分)","0.11
(10時45分)","0.15
(10時25分)","0.16
(11時00分)","0.15
(10時35分)","0.16
(11時05分)",,,,,,,,
,2回目,"0.96
(16時10分)","0.53
(15時40分)","0.21
(14時10分)","0.48
(15時55分)","0.90
(15時20分)","0.88
(15時35分)","0.28
(15時10分)","0.10
(14時25分)","0.21
(14時05分)","0.75
(14時30分)","0.12
(13時30分)","0.15
(13時50分)","0.16
(13時10分)","0.16
(13時55分)","0.15
(13時30分)",,,,,,,,
11月11日(金),1回目,"0.97
(8時25分)","0.52
(8時55分)","0.20
(10時20分)","0.47
(8時25分)","0.81
(9時00分)","0.88
(8時40分)","0.28
(9時35分)","0.10
(10時05分)","0.20
(9時35分)","0.71
(9時15分)","0.12
(10時55分)","0.16
(10時20分)","0.15
(11時15分)","0.16
(10時35分)","0.15
(11時00分)",,,,,,,,
,2回目,"0.95
(16時00分)","0.53
(15時15分)","0.20
(13時50分)","0.46
(16時00分)","0.90
(15時25分)","0.88
(15時40分)","0.28
(14時35分)","0.11
(14時05分)","0.21
(14時00分)","0.72
(14時25分)","0.12
(13時20分)","0.15
(13時40分)","0.15
(13時05分)","0.15
(13時35分)","0.16
(13時00分)",,,,,,,,
11月12日(土),1回目,"0.97
(8時30分)","0.53
(8時55分)","0.21
(10時20分)","0.48
(8時27分)","0.85
(8時59分)","0.88
(8時45分)","0.28
(9時30分)","0.09
(10時00分)","0.22
(9時38分)","0.71
(9時17分)","0.11
(10時55分)","0.15
(10時38分)","0.15
(11時12分)","0.15
(10時35分)","0.15
(11時00分)",,,,,,,,
,2回目,"0.99
(16時00分)","0.52
(15時35分)","0.21
(14時05分)","0.48
(15時50分)","0.86
(15時20分)","0.87
(15時35分)","0.28
(15時00分)","0.10
(14時20分)","0.22
(14時05分)","0.73
(14時25分)","0.11
(13時25分)","0.15
(13時45分)","0.15
(13時05分)","0.16
(13時50分)","0.16
(13時20分)",,,,,,,,
11月13日(日),1回目,"1.00
(8時30分)","0.53
(8時55分)","0.21
(10時10分)","0.49
(8時30分)","0.85
(9時00分)","0.88
(8時45分)","0.28
(9時20分)","0.10
(9時55分)","0.23
(9時45分)","0.76
(9時25分)","0.11
(10時55分)","0.15
(10時40分)","0.16
(11時10分)","0.17
(10時25分)","0.16
(10時55分)",,,,,,,,
,2回目,"1.00
(15時50分)","0.52
(15時20分)","0.21
(13時55分)","0.48
(15時45分)","0.85
(15時15分)","0.88
(15時29分)","0.27
(14時45分)","0.09
(14時10分)","0.23
(14時07分)","0.71
(14時27分)","0.11
(13時25分)","0.15
(13時48分)","0.16
(13時08分)","0.16
(13時40分)","0.16
(13時00分)",,,,,,,,
11月14日(月),1回目,"0.96
(8時30分)","0.54
(9時00分)","0.21
(10時35分)","0.48
(8時30分)","0.90
(9時05分)","0.90
(8時45分)","0.27
(9時35分)","0.09
(10時15分)","0.21
(9時45分)","0.73
(9時20分)","0.11
(10時55分)","0.16
(10時35分)","0.15
(11時15分)","0.16
(10時45分)","0.16
(11時10分)",,,,,,,,
,2回目,"1.00
(16時05分)","0.52
(15時30分)","0.21
(14時10分)","0.50
(15時59分)","0.84
(15時22分)","0.86
(15時39分)","0.26
(15時00分)","0.10
(14時25分)","0.23
(14時05分)","0.71
(14時43分)","0.10
(13時27分)","0.16
(13時45分)","0.15
(13時00分)","0.16
(13時55分)","0.14
(13時30分)",,,,,,,,
11月15日(火),1回目,"0.99
(8時25分)","0.52
(8時55分)","0.21
(10時10分)","0.47
(8時20分)","0.89
(9時00分)","0.89
(8時40分)","0.28
(9時25分)","0.10
(9時55分)","0.22
(9時40分)","0.68
(9時20分)","0.11
(10時55分)","0.14
(10時35分)","0.15
(11時15分)","0.16
(10時25分)","0.15
(10時55分)",,,,,,,,
,2回目,"1.00
(16時05分)","0.53
(15時35分)","0.22
(13時55分)","0.49
(15時53分)","0.86
(15時17分)","0.87
(15時33分)","0.27
(14時45分)","0.09
(14時20分)","0.22
(14時00分)","0.71
(14時27分)","0.11
(13時23分)","0.14
(13時39分)","0.16
(13時05分)","0.15
(13時35分)","0.15
(13時05分)",,,,,,,,
11月16日(水),1回目,"0.99
(8時25分)","0.54
(8時50分)","0.20
(10時10分)","0.48
(8時20分)","0.88
(9時00分)","0.90
(8時40分)","0.28
(9時20分)","0.10
(9時55分)","0.23
(9時35分)","0.74
(9時15分)","0.11
(10時50分)","0.15
(10時30分)","0.16
(11時10分)","0.15
(10時25分)","0.15
(10時50分)",,,,,,,,
,2回目,"0.97
(16時30分)","0.52
(15時20分)","0.21
(13時50分)","0.46
(15時50分)","0.84
(15時20分)","0.91
(15時30分)","0.29
(14時45分)","0.10
(14時05分)","0.21
(14時25分)","0.66
(14時50分)","0.11
(12時50分)","0.16
(13時10分)","0.16
(12時35分)","0.15
(13時30分)","0.15
(13時00分)",,,,,,,,
11月17日(木),1回目,"0.96
(8時25分)","0.51
(9時00分)","0.21
(10時20分)","0.44
(8時25分)","0.85
(8時55分)","0.88
(8時40分)","0.28
(9時35分)","0.10
(10時05分)","0.22
(9時35分)","0.68
(9時15分)","0.11
(10時45分)","0.15
(10時30分)","0.16
(11時05分)","0.15
(10時40分)","0.15
(11時05分)",,,,,,,,
,2回目,"0.96
(15時25分)","0.53
(15時00分)","0.21
(13時20分)","0.47
(15時55分)","0.86
(15時25分)","0.88
(15時40分)","0.27
(14時05分)","0.09
(13時35分)","0.22
(14時30分)","0.67
(14時50分)","0.12
(13時30分)","0.15
(13時50分)","0.16
(13時05分)","0.16
(13時05分)","0.16
(12時40分)",,,,,,,,
11月18日(金),1回目,"0.98
(8時30分)","0.52
(8時55分)","0.22
(10時20分)","0.48
(8時25分)","0.83
(8時58分)","0.89
(8時43分)","0.27
(9時30分)","0.10
(10時00分)","0.23
(9時54分)","0.68
(9時29分)","0.10
(10時48分)","0.16
(10時30分)","0.16
(11時14分)","0.16
(10時35分)","0.16
(11時00分)",,,,,,,,
,2回目,"0.97
(16時15分)","0.52
(15時25分)","0.21
(13時55分)","0.48
(16時05分)","0.81
(15時30分)","0.87
(15時45分)","0.27
(14時55分)","0.10
(14時10分)","0.20
(14時20分)","0.66
(14時45分)","0.12
(13時40分)","0.15
(14時00分)","0.17
(13時15分)","0.15
(13時40分)","0.15
(13時15分)",,,,,,,,
11月19日(土),1回目,"0.99
(8時35分)","0.54
(9時00分)","0.21
(10時20分)","0.47
(8時35分)","0.86
(9時05分)","0.88
(8時50分)","0.27
(9時40分)","0.09
(10時05分)","0.22
(9時40分)","0.70
(9時20分)","0.11
(10時55分)","0.16
(10時35分)","0.15
(11時15分)","0.16
(10時35分)","0.16
(11時05分)",,,,,,,,
,2回目,"0.97
(15時30分)","0.52
(15時00分)","0.21
(13時40分)","0.46
(15時08分)","0.91
(14時35分)","0.85
(14時51分)","0.27
(14時25分)","0.10
(14時00分)","0.23
(13時46分)","0.67
(14時08分)","0.11
(13時08分)","0.16
(13時29分)","0.15
(12時50分)","0.16
(13時25分)","0.16
(13時00分)",,,,,,,,
11月20日(日),1回目,"0.99
(8時30分)","0.51
(9時00分)","0.21
(10時15分)","0.37
(8時33分)","0.87
(9時05分)","0.89
(8時51分)","0.27
(9時30分)","0.09
(10時00分)","0.20
(9時39分)","0.67
(9時19分)","0.10
(10時54分)","0.16
(10時35分)","0.16
(11時14分)","0.16
(10時30分)","0.15
(11時00分)",,,,,,,,
,2回目,"0.99
(15時40分)","0.51
(15時05分)","0.21
(13時45分)","0.46
(15時50分)","0.88
(15時10分)","0.86
(15時30分)","0.27
(14時30分)","0.10
(14時00分)","0.22
(14時10分)","0.75
(14時30分)","0.12
(13時15分)","0.16
(13時50分)","0.17
(12時55分)","0.15
(13時30分)","0.16
(13時00分)",,,,,,,,
11月21日(月),1回目,"0.91
(8時30分)","0.52
(9時00分)","0.20
(10時30分)","0.45
(8時25分)","0.87
(9時00分)","0.90
(8時40分)","0.28
(9時30分)","0.10
(10時15分)","0.21
(9時45分)","0.74
(9時25分)","0.11
(10時45分)","0.15
(10時25分)","0.17
(11時05分)","0.16
(10時50分)","0.16
(11時20分)",,,,,,,,
,2回目,"1.00
(16時10分)","0.52
(15時45分)","0.20
(14時05分)","0.46
(16時20分)","0.86
(15時55分)","0.87
(16時07分)","0.22
(14時50分)","0.09
(14時20分)","0.23
(13時54分)","0.76
(14時36分)","0.11
(13時16分)","0.16
(13時33分)","0.16
(12時56分)","0.16
(13時50分)","0.16
(13時25分)",,,,,,,,
11月22日(火),1回目,"0.91
(8時25分)","0.56
(8時50分)","0.20
(10時10分)","0.49
(8時25分)","0.83
(9時00分)","0.89
(8時45分)","0.28
(9時25分)","0.10
(9時55分)","0.21
(9時35分)","0.74
(9時15分)","0.11
(10時50分)","0.15
(10時30分)","0.16
(11時05分)","0.16
(10時30分)","0.16
(10時55分)",,,,,,,,
,2回目,"0.96
(16時15分)","0.52
(15時50分)","0.21
(14時05分)","0.44
(15時50分)","0.84
(15時15分)","0.85
(15時30分)","0.28
(14時55分)","0.10
(14時20分)","0.21
(14時00分)","0.72
(14時25分)","0.11
(13時25分)","0.15
(13時45分)","0.15
(13時05分)","0.16
(13時50分)","0.15
(13時20分)",,,,,,,,
11月23日(水),1回目,"0.96
(8時20分)","0.52
(8時45分)","0.21
(10時05分)","0.48
(8時25分)","0.90
(8時55分)","0.88
(8時40分)","0.28
(9時15分)","0.10
(9時50分)","0.22
(9時35分)","0.74
(9時10分)","0.11
(10時55分)","0.17
(10時35分)","0.14
(11時15分)","0.16
(10時20分)","0.16
(10時45分)",,,,,,,,
,2回目,"1.00
(16時00分)","0.53
(15時10分)","0.21
(13時45分)","0.48
(15時50分)","0.85
(15時10分)","0.89
(15時30分)","0.28
(14時40分)","0.09
(14時05分)","0.21
(14時10分)","0.76
(14時55分)","0.11
(13時30分)","0.16
(13時50分)","0.16
(13時10分)","0.16
(13時30分)","0.16
(13時00分)",,,,,,,,
11月24日(木),1回目,"0.95
(8時25分)","0.53
(8時50分)","0.21
(10時20分)","0.47
(8時25分)","0.86
(8時57分)","0.85
(8時42分)","0.27
(9時30分)","0.09
(10時00分)","0.21
(9時33分)","0.75
(9時13分)","0.11
(10時53分)","0.15
(10時20分)","0.15
(11時14分)","0.16
(10時35分)","0.16
(11時00分)",,,,,,,,
,2回目,"0.99
(16時30分)","0.52
(15時40分)","0.21
(13時45分)","0.48
(15時35分)","0.86
(15時00分)","0.87
(15時20分)","0.27
(15時05分)","0.09
(14時00分)","0.21
(14時20分)","0.71
(14時40分)","0.11
(13時45分)","0.15
(14時00分)","0.15
(13時20分)","0.16
(13時30分)","0.16
(13時00分)",,,,,,,,
11月25日(金),1回目,"0.98
(8時35分)","0.55
(9時05分)","0.19
(10時30分)","0.45
(8時35分)","0.82
(9時10分)","0.86
(8時50分)","0.27
(9時45分)","0.11
(10時10分)","0.23
(9時55分)","0.63
(9時30分)","0.10
(11時05分)","0.16
(10時45分)","0.16
(11時25分)","0.16
(10時40分)","0.15
(11時05分)",,,,,,,,
,2回目,"0.99
(16時15分)","0.52
(15時40分)","0.21
(14時15分)","0.45
(15時56分)","0.87
(15時14分)","0.87
(15時34分)","0.27
(15時05分)","0.10
(14時30分)","0.20
(14時20分)","0.64
(14時43分)","0.11
(13時24分)","0.15
(14時00分)","0.16
(13時06分)","0.15
(13時55分)","0.16
(13時30分)",,,,,,,,
11月26日(土),1回目,"0.99
(8時45分)","0.53
(9時15分)","0.21
(10時30分)","0.47
(8時48分)","0.80
(9時21分)","0.86
(9時03分)","0.28
(9時50分)","0.10
(10時15分)","0.23
(9時56分)","0.72
(9時37分)","0.12
(10時53分)","0.16
(10時36分)","0.15
(11時12分)","0.16
(10時45分)","0.15
(11時10分)",,,,,,,,
,2回目,"1.00
(15時20分)","0.52
(14時22分)","0.20
(13時05分)","0.46
(15時32分)","0.81
(14時42分)","0.86
(15時13分)","0.27
(13時50分)","0.10
(13時20分)","0.22
(13時53分)","0.68
(14時13分)","0.11
(13時09分)","0.16
(13時27分)","0.16
(12時49分)","0.15
(12時55分)","0.15
(12時30分)",,,,,,,,
11月27日(日),1回目,"0.97
(8時45分)","0.51
(9時20分)","0.20
(10時35分)","0.50
(8時42分)","0.85
(9時13分)","0.88
(8時58分)","0.28
(9時50分)","0.11
(10時20分)","0.22
(9時45分)","0.76
(9時26分)","0.11
(10時56分)","0.16
(10時39分)","0.15
(11時15分)","0.17
(10時50分)","0.15
(11時15分)",,,,,,,,
,2回目,"0.98
(15時35分)","0.51
(15時05分)","0.20
(13時40分)","0.50
(15時30分)","0.85
(14時55分)","0.88
(15時15分)","0.28
(14時35分)","0.10
(14時00分)","0.23
(14時10分)","0.74
(14時30分)","0.12
(13時30分)","0.17
(13時50分)","0.15
(13時10分)","0.16
(13時30分)","0.14
(13時05分)",,,,,,,,
11月28日(月),1回目,"1.00
(8時20分)","0.53
(8時55分)","0.20
(10時15分)","0.49
(8時25分)","0.87
(9時00分)","0.88
(8時45分)","0.28
(9時25分)","0.10
(10時00分)","0.23
(9時40分)","0.72
(9時20分)","0.11
(10時50分)","0.16
(10時35分)","0.15
(11時10分)","0.16
(10時45分)","0.16
(11時10分)",,,,,,,,
,2回目,"0.96
(16時00分)","0.53
(15時20分)","0.20
(14時05分)","0.49
(15時15分)","0.87
(14時45分)","0.89
(15時00分)","0.29
(14時50分)","0.10
(14時20分)","0.23
(13時55分)","0.69
(14時20分)","0.12
(13時20分)","0.15
(13時40分)","0.15
(13時05分)","0.15
(13時50分)","0.15
(13時20分)",,,,,,,,
11月29日(火),1回目,"1.01
(8時30分)","0.53
(8時55分)","0.21
(10時10分)","0.46
(8時25分)","0.90
(9時00分)","0.89
(8時45分)","0.28
(9時25分)","0.11
(9時55分)","0.24
(9時40分)","0.67
(9時15分)","0.12
(11時00分)","0.15
(10時40分)","0.15
(11時20分)","0.16
(10時30分)","0.15
(10時55分)",,,,,,,,
,2回目,"0.98
(16時35分)","0.52
(15時00分)","0.20
(13時45分)","0.48
(15時50分)","0.89
(15時15分)","0.86
(15時30分)","0.28
(14時30分)","0.10
(14時00分)","0.22
(14時20分)","0.67
(14時40分)","0.10
(13時20分)","0.15
(14時00分)","0.16
(13時20分)","0.16
(13時30分)","0.16
(13時00分)",,,,,,,,
11月30日(水),1回目,"0.96
(8時20分)","0.52
(8時45分)","0.21
(10時25分)","0.47
(8時23分)","0.79
(8時55分)","0.85
(8時40分)","0.28
(9時25分)","0.10
(10時05分)","0.21
(9時34分)","0.72
(9時11分)","0.12
(10時31分)","0.16
(10時13分)","0.16
(10時50分)","0.16
(10時40分)","0.15
(11時05分)",,,,,,,,
,2回目,"0.96
(16時05分)","0.51
(15時40分)","0.21
(13時50分)","0.48
(15時55分)","0.83
(15時20分)","0.89
(15時40分)","0.28
(15時00分)","0.09
(14時10分)","0.20
(14時35分)","0.67
(14時55分)","0.12
(13時55分)","0.15
(14時15分)","0.16
(13時35分)","0.16
(13時35分)","0.16
(13時05分)",,,,,,,,
,,,,,,,,,,,,,,,,,,,,,,,,
※留意点１　これまでの定点での測定値に加え、環境放射能測定値の高い地域周辺を移動して測定した結果です。,,,,,,,,,,,,,,,,,,,,,,,,
※留意点２　測定装置は全てサーベイメータです。,,,,,,,,,,,,,,,,,,,,,,,,
,,,,,,,,,,,,,,,,,,,,,,,,
,,,,,,,,,,,,,,,,,,,,,,,,
,,,,,,,,,,,,,,,,,,,,,,,,
県南地方　環境放射能測定結果（暫定値）,,,,,（第269報）,,,,,モニタリング２－３(県南),,,,,,,,,,,,,,
,,,,,,,,,,,,平成23年11月1日～11月30日,,,,, , ,,,,,,
,,,,,,,,,,,,単位：μGy/h≒μSv/ｈ（ﾏｲｸﾛｸﾞﾚｲ/時間≒ﾏｲｸﾛｼｰﾍﾞﾙﾄ/時間）,,,,,,,,,,,,
測定月日,測定回,"白河市役所
表郷庁舎","白河市役所
大信庁舎","白河市役所
東庁舎","矢吹町
役場","西郷村
役場","泉崎村
役場","中島村
役場","棚倉町
役場","塙町
役場","矢祭町
役場","鮫川村
役場",,,,,,,,,,,,
福島第一原発からの方向及び距離,,"西南西
約７６Km","西南西
約７４Km","西南西
約７０Km","西南西
約６６Km","西南西
約８４Km","西南西
約７２Km","西南西
約６８Km","南西
約７２Km","南西
約７６Km","南西
約８２Km","南西
約６３Km",,,,,,,,,,,,
11月1日(火),1回目,"0.24
(10時25分)","0.63
(11時00分)","0.22
(9時30分)","0.25
(11時40分)","0.54
(10時45分)","0.46
(11時20分)","0.16
(11時30分)","0.23
(10時10分)","0.20
(9時50分)","0.11
(9時15分)","0.15
(10時55分)",,,,,,,,,,,,
,2回目,"0.22
(14時15分)","0.63
(14時20分)","0.22
(13時00分)","0.25
(15時10分)","0.53
(13時30分)","0.46
(14時40分)","0.16
(14時55分)","0.23
(13時55分)","0.19
(13時40分)","0.11
(13時25分)","0.14
(14時50分)",,,,,,,,,,,,
11月2日(水),1回目,"0.24
(10時10分)","0.64
(10時10分)","0.22
(9時15分)","0.25
(10時55分)","0.54
(9時50分)","0.46
(10時25分)","0.16
(10時40分)","0.24
(9時50分)","0.19
(9時35分)","0.11
(9時15分)","0.15
(10時40分)",,,,,,,,,,,,
,2回目,"0.23
(13時40分)","0.64
(13時55分)","0.22
(13時00分)","0.25
(14時40分)","0.54
(13時35分)","0.46
(14時15分)","0.16
(14時25分)","0.24
(13時25分)","0.19
(13時10分)","0.11
(13時00分)","0.15
(14時15分)",,,,,,,,,,,,
11月3日(木),1回目,"0.23
(10時15分)","0.64
(10時15分)","0.22
(9時20分)","0.25
(10時55分)","0.55
(9時50分)","0.46
(10時30分)","0.16
(10時45分)","0.24
(10時00分)","0.20
(9時40分)","0.10
(9時30分)","0.15
(10時40分)",,,,,,,,,,,,
,2回目,"0.23
(13時35分)","0.64
(13時30分)","0.22
(13時00分)","0.25
(14時00分)","0.54
(13時20分)","0.46
(13時40分)","0.16
(13時50分)","0.24
(13時20分)","0.19
(13時10分)","0.10
(13時00分)","0.15
(14時00分)",,,,,,,,,,,,
11月4日(金),1回目,"0.24
(10時20分)","0.64
(10時30分)","0.22
(9時25分)","0.25
(11時15分)","0.54
(10時10分)","0.46
(10時45分)","0.16
(11時00分)","0.24
(10時00分)","0.20
(9時45分)","0.11
(9時30分)","0.15
(10時50分)",,,,,,,,,,,,
,2回目,"0.23
(13時40分)","0.64
(13時50分)","0.23
(13時00分)","0.25
(14時35分)","0.54
(13時30分)","0.46
(14時10分)","0.15
(14時20分)","0.23
(13時25分)","0.19
(13時10分)","0.11
(13時00分)","0.15
(14時10分)",,,,,,,,,,,,
11月5日(土),1回目,"0.24
(10時45分)","0.64
(10時10分)","0.23
(9時10分)","0.25
(10時50分)","0.54
(9時50分)","0.47
(10時25分)","0.16
(10時35分)","0.25
(10時30分)","0.20
(10時10分)","0.11
(9時55分)","0.15
(11時15分)",,,,,,,,,,,,
,2回目,"0.24
(14時55分)","0.64
(13時50分)","0.23
(13時00分)","0.25
(14時30分)","0.54
(13時30分)","0.47
(14時05分)","0.16
(14時15分)","0.24
(14時40分)","0.19
(14時20分)","0.10
(14時00分)","0.14
(15時20分)",,,,,,,,,,,,
11月6日(日),1回目,"0.24
(10時00分)","0.65
(9時55分)","0.23
(9時05分)","0.25
(10時30分)","0.54
(9時40分)","0.47
(10時10分)","0.16
(10時20分)","0.25
(9時45分)","0.19
(9時20分)","0.11
(9時00分)","0.15
(10時30分)",,,,,,,,,,,,
,2回目,"0.24
(13時35分)","0.64
(13時50分)","0.23
(13時00分)","0.25
(14時30分)","0.54
(13時35分)","0.47
(14時05分)","0.16
(14時15分)","0.24
(13時20分)","0.18
(13時10分)","0.11
(13時00分)","0.16
(14時00分)",,,,,,,,,,,,
11月7日(月),1回目,"0.22
(10時20分)","0.65
(10時25分)","0.23
(9時30分)","0.26
(11時10分)","0.54
(10時05分)","0.47
(10時40分)","0.16
(10時55分)","0.23
(10時00分)","0.18
(9時40分)","0.10
(9時20分)","0.14
(10時50分)",,,,,,,,,,,,
,2回目,"0.23
(13時40分)","0.64
(13時55分)","0.23
(13時00分)","0.26
(14時30分)","0.54
(13時35分)","0.47
(14時10分)","0.16
(14時20分)","0.23
(13時20分)","0.19
(13時10分)","0.11
(13時00分)","0.15
(14時10分)",,,,,,,,,,,,
11月8日(火),1回目,"0.23
(10時40分)","0.64
(10時45分)","0.23
(9時50分)","0.26
(11時30分)","0.54
(10時30分)","0.47
(11時00分)","0.17
(11時10分)","0.23
(10時20分)","0.19
(10時10分)","0.11
(9時45分)","0.15
(11時10分)",,,,,,,,,,,,
,2回目,"0.24
(13時40分)","0.64
(13時35分)","0.23
(13時00分)","0.27
(14時15分)","0.53
(13時25分)","0.47
(13時50分)","0.17
(14時00分)","0.25
(13時20分)","0.19
(13時10分)","0.11
(13時00分)","0.15
(14時10分)",,,,,,,,,,,,
11月9日(水),1回目,"0.22
(10時15分)","0.63
(10時35分)","0.23
(9時35分)","0.26
(11時20分)","0.53
(10時20分)","0.47
(10時50分)","0.16
(11時10分)","0.24
(10時00分)","0.19
(9時45分)","0.11
(9時25分)","0.14
(10時45分)",,,,,,,,,,,,
,2回目,"0.22
(13時35分)","0.63
(13時35分)","0.24
(13時00分)","0.26
(14時15分)","0.53
(13時25分)","0.47
(13時50分)","0.16
(14時00分)","0.24
(13時20分)","0.18
(13時10分)","0.11
(13時00分)","0.15
(13時55分)",,,,,,,,,,,,
11月10日(木),1回目,"0.23
(10時40分)","0.62
(10時25分)","0.22
(9時35分)","0.26
(11時00分)","0.54
(10時10分)","0.48
(10時40分)","0.16
(10時50分)","0.24
(10時25分)","0.19
(10時10分)","0.10
(9時50分)","0.15
(11時10分)",,,,,,,,,,,,
,2回目,"0.23
(13時35分)","0.63
(13時40分)","0.23
(13時00分)","0.25
(14時20分)","0.53
(13時25分)","0.46
(14時00分)","0.16
(14時10分)","0.24
(13時20分)","0.19
(13時10分)","0.11
(13時00分)","0.15
(13時55分)",,,,,,,,,,,,
11月11日(金),1回目,"0.23
(10時15分)","0.63
(10時30分)","0.22
(9時25分)","0.25
(11時40分)","0.53
(10時10分)","0.46
(11時15分)","0.16
(11時25分)","0.24
(10時00分)","0.19
(9時40分)","0.11
(9時20分)","0.15
(10時45分)",,,,,,,,,,,,
,2回目,"0.23
(13時40分)","0.63
(13時35分)","0.23
(13時00分)","0.25
(14時05分)","0.53
(13時25分)","0.45
(13時45分)","0.16
(13時55分)","0.23
(13時25分)","0.20
(13時10分)","0.11
(13時00分)","0.15
(14時10分)",,,,,,,,,,,,
11月12日(土),1回目,"0.25
(10時40分)","0.64
(11時05分)","0.23
(10時00分)","0.25
(11時45分)","0.53
(10時45分)","0.46
(11時20分)","0.16
(11時35分)","0.24
(10時30分)","0.19
(10時10分)","0.11
(9時50分)","0.14
(11時10分)",,,,,,,,,,,,
,2回目,"0.23
(13時40分)","0.64
(13時45分)","0.23
(13時00分)","0.25
(14時15分)","0.53
(13時30分)","0.46
(13時55分)","0.16
(14時05分)","0.24
(13時20分)","0.19
(13時10分)","0.11
(13時00分)","0.14
(14時05分)",,,,,,,,,,,,
11月13日(日),1回目,"0.23
(10時00分)","0.65
(10時10分)","0.23
(9時15分)","0.24
(10時50分)","0.52
(9時55分)","0.46
(10時25分)","0.17
(10時35分)","0.25
(9時40分)","0.19
(9時30分)","0.11
(9時10分)","0.13
(10時30分)",,,,,,,,,,,,
,2回目,"0.23
(13時40分)","0.64
(13時30分)","0.23
(13時00分)","0.24
(14時05分)","0.53
(13時20分)","0.46
(13時40分)","0.17
(13時50分)","0.24
(13時25分)","0.19
(13時10分)","0.11
(13時00分)","0.13
(14時10分)",,,,,,,,,,,,
11月14日(月),1回目,"0.23
(10時20分)","0.63
(10時25分)","0.23
(9時30分)","0.24
(11時10分)","0.52
(10時05分)","0.47
(10時40分)","0.15
(10時55分)","0.24
(10時05分)","0.19
(9時50分)","0.11
(9時25分)","0.15
(10時50分)",,,,,,,,,,,,
,2回目,"0.23
(13時45分)","0.62
(13時50分)","0.24
(13時00分)","0.24
(14時35分)","0.52
(13時35分)","0.46
(14時10分)","0.16
(14時20分)","0.24
(13時30分)","0.19
(13時15分)","0.11
(13時00分)","0.15
(14時15分)",,,,,,,,,,,,
11月15日(火),1回目,"0.23
(10時45分)","0.62
(10時45分)","0.23
(9時55分)","0.24
(11時25分)","0.52
(10時25分)","0.46
(11時00分)","0.16
(11時10分)","0.24
(10時25分)","0.19
(10時05分)","0.11
(9時50分)","0.15
(11時15分)",,,,,,,,,,,,
,2回目,"0.23
(13時50分)","0.62
(13時45分)","0.23
(13時00分)","0.24
(14時30分)","0.52
(13時25分)","0.45
(14時00分)","0.15
(14時15分)","0.24
(13時35分)","0.19
(13時20分)","0.10
(13時00分)","0.15
(14時25分)",,,,,,,,,,,,
11月16日(水),1回目,"0.23
(10時50分)","0.63
(10時50分)","0.23
(9時45分)","0.24
(11時30分)","0.53
(10時30分)","0.46
(11時05分)","0.16
(11時20分)","0.24
(10時35分)","0.19
(10時20分)","0.11
(10時00分)","0.15
(11時20分)",,,,,,,,,,,,
,2回目,"0.23
(13時50分)","0.63
(13時35分)","0.23
(13時00分)","0.24
(14時15分)","0.53
(13時25分)","0.46
(13時50分)","0.16
(14時05分)","0.24
(13時30分)","0.19
(13時15分)","0.11
(13時00分)","0.15
(14時20分)",,,,,,,,,,,,
11月17日(木),1回目,"0.23
(10時40分)","0.63
(10時40分)","0.22
(9時45分)","0.24
(11時20分)","0.53
(10時25分)","0.45
(10時55分)","0.16
(11時05分)","0.24
(10時20分)","0.19
(10時00分)","0.11
(9時45分)","0.15
(11時05分)",,,,,,,,,,,,
,2回目,"0.23
(13時40分)","0.62
(13時35分)","0.22
(13時00分)","0.26
(14時10分)","0.53
(13時25分)","0.45
(13時45分)","0.16
(13時55分)","0.23
(13時25分)","0.19
(13時10分)","0.11
(13時00分)","0.15
(14時15分)",,,,,,,,,,,,
11月18日(金),1回目,"0.22
(10時15分)","0.64
(10時20分)","0.23
(9時20分)","0.25
(10時55分)","0.54
(10時00分)","0.47
(10時30分)","0.16
(10時45分)","0.24
(10時00分)","0.19
(9時40分)","0.10
(9時20分)","0.14
(10時45分)",,,,,,,,,,,,
,2回目,"0.22
(13時45分)","0.63
(13時40分)","0.22
(13時00分)","0.25
(14時15分)","0.53
(13時25分)","0.46
(13時55分)","0.15
(14時05分)","0.24
(13時30分)","0.18
(13時15分)","0.10
(13時00分)","0.14
(14時15分)",,,,,,,,,,,,
11月19日(土),1回目,"0.22
(10時15分)","0.63
(10時20分)","0.23
(9時25分)","0.24
(11時00分)","0.55
(10時05分)","0.47
(10時35分)","0.17
(10時45分)","0.24
(10時00分)","0.19
(9時40分)","0.11
(9時20分)","0.15
(10時50分)",,,,,,,,,,,,
,2回目,"0.23
(13時40分)","0.62
(13時45分)","0.22
(13時00分)","0.24
(14時20分)","0.53
(13時25分)","0.43
(14時00分)","0.15
(14時10分)","0.23
(13時25分)","0.19
(13時10分)","0.11
(13時00分)","0.15
(14時10分)",,,,,,,,,,,,
11月20日(日),1回目,"0.23
(10時35分)","0.62
(10時05分)","0.23
(9時10分)","0.25
(10時40分)","0.53
(9時50分)","0.45
(10時20分)","0.15
(10時30分)","0.24
(10時20分)","0.19
(10時00分)","0.11
(9時20分)","0.15
(11時05分)",,,,,,,,,,,,
,2回目,"0.23
(13時40分)","0.63
(13時40分)","0.22
(13時00分)","0.26
(14時10分)","0.53
(13時25分)","0.46
(13時50分)","0.16
(14時00分)","0.24
(13時25分)","0.19
(13時10分)","0.11
(13時00分)","0.15
(14時10分)",,,,,,,,,,,,
11月21日(月),1回目,"0.23
(10時10分)","0.64
(10時20分)","0.21
(9時20分)","0.25
(11時00分)","0.54
(10時00分)","0.46
(10時35分)","0.15
(10時45分)","0.24
(9時55分)","0.19
(9時40分)","0.11
(9時20分)","0.15
(10時45分)",,,,,,,,,,,,
,2回目,"0.23
(13時35分)","0.64
(13時50分)","0.22
(13時00分)","0.24
(14時30分)","0.53
(13時35分)","0.46
(14時10分)","0.15
(14時20分)","0.24
(13時20分)","0.19
(13時10分)","0.11
(13時00分)","0.16
(14時00分)",,,,,,,,,,,,
11月22日(火),1回目,"0.24
(10時35分)","0.63
(10時10分)","0.23
(9時20分)","0.25
(10時50分)","0.53
(9時55分)","0.46
(10時25分)","0.16
(10時35分)","0.23
(10時20分)","0.19
(10時05分)","0.11
(9時50分)","0.15
(11時00分)",,,,,,,,,,,,
,2回目,"0.24
(13時35分)","0.64
(13時35分)","0.23
(13時00分)","0.25
(14時10分)","0.53
(13時20分)","0.45
(13時45分)","0.16
(14時00分)","0.23
(13時20分)","0.18
(13時10分)","0.11
(13時00分)","0.15
(14時00分)",,,,,,,,,,,,
11月23日(水),1回目,"0.25
(10時10分)","0.63
(10時15分)","0.23
(9時20分)","0.25
(10時55分)","0.53
(10時00分)","0.46
(10時30分)","0.16
(10時45分)","0.24
(9時55分)","0.20
(9時40分)","0.11
(9時25分)","0.15
(10時40分)",,,,,,,,,,,,
,2回目,"0.24
(14時00分)","0.63
(13時35分)","0.23
(13時00分)","0.25
(14時10分)","0.53
(13時25分)","0.46
(13時45分)","0.16
(14時00分)","0.23
(13時45分)","0.19
(13時30分)","0.11
(13時15分)","0.15
(14時25分)",,,,,,,,,,,,
11月24日(木),1回目,"0.23
(10時20分)","0.63
(10時20分)","0.23
(9時30分)","0.25
(11時00分)","0.53
(10時05分)","0.45
(10時35分)","0.16
(10時45分)","0.22
(10時00分)","0.18
(9時40分)","0.11
(9時25分)","0.15
(10時50分)",,,,,,,,,,,,
,2回目,"0.23
(13時40分)","0.63
(13時40分)","0.23
(13時00分)","0.25
(14時10分)","0.53
(13時25分)","0.46
(13時50分)","0.16
(14時00分)","0.22
(13時25分)","0.19
(13時10分)","0.11
(13時00分)","0.15
(14時10分)",,,,,,,,,,,,
11月25日(金),1回目,"0.23
(10時00分)","0.65
(10時30分)","0.22
(9時30分)","0.26
(11時10分)","0.53
(10時10分)","0.48
(10時40分)","0.17
(10時50分)","0.23
(9時45分)","0.18
(9時30分)","0.11
(9時05分)","0.15
(10時30分)",,,,,,,,,,,,
,2回目,"0.23
(13時35分)","0.64
(13時50分)","0.22
(13時00分)","0.24
(14時25分)","0.53
(13時30分)","0.46
(14時05分)","0.16
(14時15分)","0.22
(13時25分)","0.18
(13時10分)","0.11
(13時00分)","0.15
(14時00分)",,,,,,,,,,,,
11月26日(土),1回目,"0.23
(10時30分)","0.64
(10時40分)","0.22
(9時35分)","0.27
(11時10分)","0.52
(10時15分)","0.51
(10時50分)","0.15
(11時00分)","0.22
(10時15分)","0.18
(9時55分)","0.11
(9時40分)","0.15
(11時00分)",,,,,,,,,,,,
,2回目,"0.23
(13時35分)","0.64
(13時55分)","0.22
(13時00分)","0.26
(14時30分)","0.52
(13時40分)","0.51
(14時10分)","0.16
(14時20分)","0.22
(13時20分)","0.18
(13時10分)","0.11
(13時00分)","0.15
(14時00分)",,,,,,,,,,,,
11月27日(日),1回目,"0.23
(10時10分)","0.63
(10時05分)","0.22
(9時20分)","0.25
(10時40分)","0.52
(9時45分)","0.48
(10時20分)","0.16
(10時30分)","0.23
(9時50分)","0.18
(9時35分)","0.11
(9時20分)","0.15
(10時40分)",,,,,,,,,,,,
,2回目,"0.23
(13時35分)","0.62
(13時40分)","0.22
(13時00分)","0.25
(14時10分)","0.52
(13時20分)","0.48
(13時50分)","0.16
(14時00分)","0.23
(13時20分)","0.18
(13時10分)","0.11
(13時00分)","0.15
(14時00分)",,,,,,,,,,,,
11月28日(月),1回目,"0.23
(10時25分)","0.62
(10時40分)","0.22
(9時45分)","0.25
(11時25分)","0.52
(10時25分)","0.47
(11時00分)","0.16
(11時10分)","0.23
(10時10分)","0.19
(9時55分)","0.11
(9時15分)","0.15
(10時45分)",,,,,,,,,,,,
,2回目,"0.22
(13時55分)","0.62
(13時40分)","0.22
(13時00分)","0.25
(14時20分)","0.52
(13時25分)","0.48
(13時55分)","0.16
(14時05分)","0.22
(13時40分)","0.19
(13時25分)","0.10
(13時00分)","0.15
(14時25分)",,,,,,,,,,,,
11月29日(火),1回目,"0.22
(10時15分)","0.63
(10時25分)","0.22
(9時35分)","0.25
(11時05分)","0.53
(10時10分)","0.47
(10時40分)","0.16
(10時50分)","0.22
(10時00分)","0.20
(9時45分)","0.12
(9時20分)","0.15
(10時45分)",,,,,,,,,,,,
,2回目,"0.22
(13時40分)","0.63
(13時45分)","0.22
(13時00分)","0.25
(14時20分)","0.53
(13時30分)","0.47
(14時00分)","0.16
(14時10分)","0.22
(13時30分)","0.19
(13時10分)","0.11
(13時00分)","0.15
(14時10分)",,,,,,,,,,,,
11月30日(水),1回目,"0.21
(10時20分)","0.62
(10時10分)","0.22
(9時20分)","0.25
(11時05分)","0.52
(9時50分)","0.46
(10時30分)","0.16
(10時50分)","0.24
(10時00分)","0.20
(9時45分)","0.10
(9時10分)","0.14
(10時45分)",,,,,,,,,,,,
,2回目,"0.21
(13時45分)","0.62
(13時45分)","0.22
(13時00分)","0.25
(14時30分)","0.52
(13時30分)","0.46
(14時00分)","0.16
(14時15分)","0.22
(13時30分)","0.18
(13時10分)","0.10
(13時00分)","0.14
(14時15分)",,,,,,,,,,,,
,,,,,,,,,,,,,,,,,,,,,,,,
※留意点１　これまでの定点での測定値に加え、環境放射能測定値の高い地域周辺を移動して測定した結果です。,,,,,,,,,,,,,,,,,,,,,,,,
※留意点２　測定装置は全てサーベイメータです。,,,,,,,,,,,,,,,,,,,,,,,,
※留意点３　矢吹町役場　測定地点付近で工事実施のため、10月29日1回目から11月4日1回目まで南東へ10m移動して計測,,,,,,,,,,,,,,,,,,,,,,,,
,,,,,,,,,,,,,,,,,,,,,,,,
,,,,,,,,,,,,,,,,,,,,,,,,
,,,,,,,,,,,,,,,,,,,,,,,,
会津地方　環境放射能測定結果（暫定値）,,,,,（第269報）,,,,,,モニタリング２－４(会津),,,,,,,,,,,,,
,,,,,,,,,,,,,平成23年11月1日～11月30日, , ,,,,,,,,,
,,,,,,,,,,,,,単位：μGy/h≒μSv/ｈ（ﾏｲｸﾛｸﾞﾚｲ/時間≒ﾏｲｸﾛｼｰﾍﾞﾙﾄ/時間）,,,,,,,,,,,
測定月日,測定回,"喜多方
市役所","北塩原村
役場","野沢小学校
(西会津町）","磐梯町
役場","猪苗代町
役場","会津坂下町
役場","湯川村
公民館","柳津町
役場","三島町
役場","金山町
役場","昭和村
役場","会津美里町
役場高田支所",,,,,,,,,,,
福島第一原発からの方向及び距離,,"西北西
約１０５Km","西北西
約１００Km","西
約１２４Km","西
約９４Km","西
約８３Km","西
約１０８Km","西
約１０２Km","西
約１１７Km","西
約１２３Km","西
約１３３Km","西
約１２６Km","西
約１０５Km",,,,,,,,,,,
11月1日(火),1回目,"0.10
(9時40分)","0.14
(9時30分)","0.09
(10時50分)","0.15
(9時00分)","0.13
(8時45分)","0.13
(10時15分)","0.14
(10時05分)","0.11
(11時20分)","0.11
(11時35分)","0.09
(12時00分)","0.10
(12時25分)","0.11
(13時10分)",,,,,,,,,,,
,2回目,－,－,－,－,－,－,－,－,－,－,－,－,,,,,,,,,,,
11月2日(水),1回目,"0.10
(9時35分)","0.14
(9時20分)","0.08
(10時40分)","0.15
(8時55分)","0.13
(8時40分)","0.12
(10時10分)","0.14
(9時55分)","0.11
(11時00分)","0.10
(11時20分)","0.09
(11時40分)","0.10
(12時00分)","0.09
(12時50分)",,,,,,,,,,,
,2回目,－,－,－,－,－,－,－,－,－,－,－,－,,,,,,,,,,,
11月3日(木),1回目,"0.11
(9時15分)","0.14
(9時05分)","0.09
(10時25分)","0.17
(8時40分)","0.13
(8時25分)","0.13
(9時50分)","0.15
(9時40分)","0.12
(10時50分)","0.10
(11時05分)","0.11
(11時25分)","0.10
(11時45分)","0.11
(12時35分)",,,,,,,,,,,
,2回目,－,－,－,－,－,－,－,－,－,－,－,－,,,,,,,,,,,
11月4日(金),1回目,"0.10
(9時25分)","0.14
(9時15分)","0.08
(10時35分)","0.16
(8時50分)","0.12
(8時35分)","0.13
(10時05分)","0.14
(9時50分)","0.12
(11時00分)","0.11
(11時15分)","0.09
(11時35分)","0.11
(12時00分)","0.12
(12時50分)",,,,,,,,,,,
,2回目,－,－,－,－,－,－,－,－,－,－,－,－,,,,,,,,,,,
11月5日(土),1回目,"0.10
(9時30分)","0.13
(9時20分)","0.08
(10時35分)","0.16
(8時55分)","0.12
(8時35分)","0.13
(10時10分)","0.16
(9時55分)","0.12
(11時10分)","0.11
(11時25分)","0.11
(11時45分)","0.12
(12時10分)","0.11
(13時00分)",,,,,,,,,,,
,2回目,－,－,－,－,－,－,－,－,－,－,－,－,,,,,,,,,,,
11月6日(日),1回目,"0.11
(9時20分)","0.13
(9時05分)","0.09
(10時30分)","0.15
(8時40分)","0.15
(8時20分)","0.13
(9時55分)","0.18
(9時40分)","0.12
(10時55分)","0.11
(11時10分)","0.10
(11時40分)","0.10
(12時05分)","0.13
(13時00分)",,,,,,,,,,,
,2回目,－,－,－,－,－,－,－,－,－,－,－,－,,,,,,,,,,,
11月7日(月),1回目,"0.10
(9時30分)","0.13
(9時15分)","0.09
(10時30分)","0.15
(8時50分)","0.14
(8時35分)","0.12
(10時00分)","0.14
(9時45分)","0.12
(10時55分)","0.10
(11時10分)","0.09
(11時30分)","0.10
(11時50分)","0.09
(12時35分)",,,,,,,,,,,
,2回目,－,－,－,－,－,－,－,－,－,－,－,－,,,,,,,,,,,
11月8日(火),1回目,"0.11
(9時25分)","0.13
(9時10分)","0.09
(10時20分)","0.16
(8時50分)","0.12
(8時35分)","0.12
(10時00分)","0.15
(9時45分)","0.11
(10時45分)","0.11
(11時00分)","0.10
(11時25分)","0.10
(11時45分)","0.11
(12時30分)",,,,,,,,,,,
,2回目,－,－,－,－,－,－,－,－,－,－,－,－,,,,,,,,,,,
11月9日(水),1回目,"0.10
(9時30分)","0.13
(9時15分)","0.08
(10時30分)","0.16
(8時55分)","0.12
(8時35分)","0.12
(10時05分)","0.14
(9時50分)","0.11
(11時00分)","0.10
(11時15分)","0.09
(11時35分)","0.09
(12時00分)","0.10
(12時45分)",,,,,,,,,,,
,2回目,－,－,－,－,－,－,－,－,－,－,－,－,,,,,,,,,,,
11月10日(木),1回目,"0.12
(9時35分)","0.14
(9時20分)","0.09
(10時40分)","0.17
(9時00分)","0.13
(8時40分)","0.12
(10時10分)","0.15
(9時55分)","0.10
(11時10分)","0.11
(11時30分)","0.09
(12時35分)","0.10
(12時55分)","0.11
(13時45分)",,,,,,,,,,,
,2回目,－,－,－,－,－,－,－,－,－,－,－,－,,,,,,,,,,,
11月11日(金),1回目,"0.10
(9時25分)","0.15
(9時15分)","0.09
(10時25分)","0.17
(8時50分)","0.12
(8時35分)","0.13
(10時00分)","0.14
(9時45分)","0.12
(11時00分)","0.11
(11時15分)","0.10
(11時35分)","0.11
(11時55分)","0.10
(12時45分)",,,,,,,,,,,
,2回目,－,－,－,－,－,－,－,－,－,－,－,－,,,,,,,,,,,
11月12日(土),1回目,"0.10
(9時15分)","0.13
(9時05分)","0.08
(10時15分)","0.16
(8時40分)","0.12
(8時25分)","0.13
(9時50分)","0.15
(9時35分)","0.11
(10時35分)","0.11
(10時50分)","0.10
(11時10分)","0.11
(11時30分)","0.11
(12時20分)",,,,,,,,,,,
,2回目,－,－,－,－,－,－,－,－,－,－,－,－,,,,,,,,,,,
11月13日(日),1回目,"0.11
(9時40分)","0.15
(9時25分)","0.09
(10時50分)","0.16
(9時05分)","0.13
(8時35分)","0.15
(10時25分)","0.16
(10時10分)","0.12
(11時15分)","0.10
(11時35分)","0.11
(12時15分)","0.10
(12時35分)","0.13
(13時20分)",,,,,,,,,,,
,2回目,－,－,－,－,－,－,－,－,－,－,－,－,,,,,,,,,,,
11月14日(月),1回目,"0.10
(9時25分)","0.13
(9時15分)","0.09
(10時30分)","0.15
(8時50分)","0.13
(8時35分)","0.13
(10時05分)","0.14
(9時50分)","0.12
(10時55分)","0.09
(11時20分)","0.10
(11時45分)","0.11
(12時05分)","0.11
(12時50分)",,,,,,,,,,,
,2回目,－,－,－,－,－,－,－,－,－,－,－,－,,,,,,,,,,,
11月15日(火),1回目,"0.10
(9時25分)","0.13
(9時15分)","0.08
(10時25分)","0.15
(8時50分)","0.13
(8時35分)","0.12
(9時55分)","0.16
(9時40分)","0.12
(10時55分)","0.11
(11時15分)","0.10
(11時35分)","0.10
(12時00分)","0.12
(12時45分)",,,,,,,,,,,
,2回目,－,－,－,－,－,－,－,－,－,－,－,－,,,,,,,,,,,
11月16日(水),1回目,"0.11
(9時50分)","0.15
(9時35分)","0.08
(10時50分)","0.16
(9時05分)","0.12
(8時50分)","0.13
(10時25分)","0.14
(10時10分)","0.12
(11時15分)","0.10
(11時30分)","0.10
(11時55分)","0.10
(12時20分)","0.11
(13時05分)",,,,,,,,,,,
,2回目,－,－,－,－,－,－,－,－,－,－,－,－,,,,,,,,,,,
11月17日(木),1回目,"0.10
(9時30分)","0.13
(9時15分)","0.08
(10時35分)","0.16
(8時50分)","0.12
(8時35分)","0.12
(10時05分)","0.14
(9時50分)","0.10
(11時00分)","0.10
(11時25分)","0.09
(11時45分)","0.11
(12時10分)","0.11
(13時00分)",,,,,,,,,,,
,2回目,－,－,－,－,－,－,－,－,－,－,－,－,,,,,,,,,,,
11月18日(金),1回目,"0.10
(9時40分)","0.12
(9時30分)","0.08
(10時40分)","0.16
(9時05分)","0.12
(8時50分)","0.12
(10時10分)","0.14
(9時55分)","0.12
(11時05分)","0.10
(11時15分)","0.10
(11時40分)","0.11
(12時00分)","0.12
(12時50分)",,,,,,,,,,,
,2回目,－,－,－,－,－,－,－,－,－,－,－,－,,,,,,,,,,,
11月19日(土),1回目,"0.10
(9時20分)","0.14
(9時10分)","0.08
(10時25分)","0.15
(8時45分)","0.12
(8時30分)","0.14
(9時55分)","0.14
(9時45分)","0.12
(10時50分)","0.12
(11時05分)","0.09
(11時25分)","0.10
(11時45分)","0.12
(12時35分)",,,,,,,,,,,
,2回目,－,－,－,－,－,－,－,－,－,－,－,－,,,,,,,,,,,
11月20日(日),1回目,"0.11
(9時20分)","0.13
(9時05分)","0.08
(10時30分)","0.14
(8時40分)","0.12
(8時25分)","0.13
(10時05分)","0.15
(9時50分)","0.11
(11時00分)","0.10
(11時15分)","0.10
(11時45分)","0.10
(12時10分)","0.10
(13時30分)",,,,,,,,,,,
,2回目,－,－,－,－,－,－,－,－,－,－,－,－,,,,,,,,,,,
11月21日(月),1回目,"0.11
(9時25分)","0.14
(9時10分)","0.09
(10時15分)","0.15
(8時45分)","0.13
(8時30分)","0.13
(9時50分)","0.13
(9時40分)","0.12
(10時40分)","0.12
(11時00分)","0.11
(11時20分)","0.11
(11時40分)","0.10
(12時30分)",,,,,,,,,,,
,2回目,－,－,－,－,－,－,－,－,－,－,－,－,,,,,,,,,,,
11月22日(火),1回目,"0.10
(9時40分)","0.13
(9時30分)","0.07
(10時40分)","0.16
(9時05分)","0.11
(8時50分)","0.11
(10時15分)","0.14
(10時00分)","0.13
(11時05分)","0.09
(11時20分)","0.10
(11時40分)","0.09
(12時05分)","0.10
(13時10分)",,,,,,,,,,,
,2回目,－,－,－,－,－,－,－,－,－,－,－,－,,,,,,,,,,,
11月23日(水),1回目,"0.10
(9時25分)","0.12
(9時10分)","0.09
(10時20分)","0.16
(8時50分)","0.13
(8時30分)","0.14
(9時55分)","0.14
(9時45分)","0.11
(10時40分)","0.10
(11時00分)","0.09
(11時20分)","0.10
(11時50分)","0.11
(13時40分)",,,,,,,,,,,
,2回目,－,－,－,－,－,－,－,－,－,－,－,－,,,,,,,,,,,
11月24日(木),1回目,"0.10
(9時30分)","0.13
(9時20分)","0.11
(10時30分)","0.16
(8時55分)","0.13
(8時35分)","0.11
(10時05分)","0.14
(9時50分)","0.13
(11時00分)","0.10
(11時15分)","0.12
(11時40分)","0.11
(12時00分)","0.12
(13時30分)",,,,,,,,,,,
,2回目,－,－,－,－,－,－,－,－,－,－,－,－,,,,,,,,,,,
11月25日(金),1回目,"0.11
(9時25分)","0.14
(9時15分)","0.09
(10時25分)","0.16
(8時50分)","0.13
(8時35分)","0.13
(9時55分)","0.16
(9時45分)","0.11
(10時50分)","0.11
(11時15分)","0.11
(11時35分)","0.10
(12時00分)","0.10
(14時10分)",,,,,,,,,,,
,2回目,－,－,－,－,－,－,－,－,－,－,－,－,,,,,,,,,,,
11月26日(土),1回目,"0.11
(9時25分)","0.13
(9時10分)","0.09
(10時20分)","0.15
(8時45分)","0.13
(8時30分)","0.13
(9時55分)","0.16
(9時45分)","0.13
(10時50分)","0.10
(11時05分)","0.08
(11時30分)","0.09
(11時45分)","0.10
(13時40分)",,,,,,,,,,,
,2回目,－,－,－,－,－,－,－,－,－,－,－,－,,,,,,,,,,,
11月27日(日),1回目,"0.13
(9時20分)","0.15
(9時10分)","0.10
(10時25分)","0.17
(8時50分)","0.12
(8時35分)","0.13
(10時00分)","0.16
(9時45分)","0.12
(10時50分)","0.10
(11時10分)","0.11
(11時50分)","0.11
(12時10分)","0.13
(13時00分)",,,,,,,,,,,
,2回目,－,－,－,－,－,－,－,－,－,－,－,－,,,,,,,,,,,
11月28日(月),1回目,"0.10
(9時30分)","0.13
(9時20分)","0.10
(10時30分)","0.16
(8時55分)","0.13
(8時40分)","0.12
(10時05分)","0.14
(9時50分)","0.12
(10時55分)","0.10
(11時10分)","0.10
(11時30分)","0.10
(11時55分)","0.11
(12時40分)",,,,,,,,,,,
,2回目,－,－,－,－,－,－,－,－,－,－,－,－,,,,,,,,,,,
11月29日(火),1回目,"0.10
(9時35分)","0.13
(9時15分)","0.09
(10時35分)","0.17
(8時55分)","0.12
(8時40分)","0.13
(10時05分)","0.14
(9時55分)","0.12
(11時00分)","0.11
(11時15分)","0.10
(11時40分)","0.10
(12時00分)","0.10
(12時50分)",,,,,,,,,,,
,2回目,－,－,－,－,－,－,－,－,－,－,－,－,,,,,,,,,,,
11月30日(水),1回目,"0.11
(9時30分)","0.14
(9時20分)","0.09
(10時25分)","0.15
(8時55分)","0.12
(8時35分)","0.12
(10時00分)","0.14
(9時45分)","0.12
(10時50分)","0.09
(11時05分)","0.09
(11時25分)","0.10
(11時50分)","0.10
(12時35分)",,,,,,,,,,,
,2回目,－,－,－,－,－,－,－,－,－,－,－,－,,,,,,,,,,,
,,,,,,,,,,,,,,,,,,,,,,,,
※留意点１　これまでの定点での測定値に加え、環境放射能測定値の高い地域周辺を移動して測定した結果です。,,,,,,,,,,,,,,,,,,,,,,,,
※留意点２　測定装置は全てサーベイメータです。,,,,,,,,,,,,,,,,,,,,,,,,
,,,,,,,,,,,,,,,,,,,,,,,,
,,,,,,,,,,,,,,,,,,,,,,,,
,,,,,,,,,,,,,,,,,,,,,,,,
南会津・相双　環境放射能測定結果（暫定値）,,,,,（第269報）,,,,,,,モニタリング２－５(南会津・相双),,,,,,,,,,,,
,,,,,,,,,,,,,,平成23年11月1日～11月30日,,,,,,,,,, 
,,,,,,,,,,,,,,単位：μGy/h≒μSv/ｈ（ﾏｲｸﾛｸﾞﾚｲ/時間≒ﾏｲｸﾛｼｰﾍﾞﾙﾄ/時間）,,,,,,,,,,
測定月日,測定回,                                                                    南会津地方,,,,,,                                                                               相双地方,,,,,,,,,,,,,,,,
,,"南会津町役場
南郷総合支所","南会津町役場
伊南総合支所","南会津町役場
舘岩総合支所","下郷町
役場","只見町
役場","檜枝岐村
役場","相馬
市役所","相馬市役所
玉野出張所","相馬市山上
公民館","相馬港2号
埠頭","南相馬市
役所
鹿島区役所","南相馬市
鹿島区
橲原公民館","新地町
役場",,,,,,,,,,
福島第一原発からの方向及び距離,,"西
約１３５Km","西南西
約１３６Km","西南西
約１３８Km","西
約１０４Km","西
約１５２Km","西南西
約１５２Km","北北西
約４２Ｋｍ","北西
約４７Km","北北西
約４２Km","北
約４７Km","北
約３１Km","北北西
約３２Km","北北西
約５１Km",,,,,,,,,,
11月1日(火),1回目,"0.09
(9時06分)","0.10
(9時16分)","0.08
(10時16分)","0.06
(11時17分)","0.07
(8時32分)","0.07
(9時48分)","0.19
(10時11分)","1.17
(9時30分)","0.26
(9時00分)","0.14
(10時46分)","0.26
(8時22分)","1.73
(8時35分)","0.17
(10時31分)",,,,,,,,,,
,2回目,"0.09
(15時43分)","0.09
(15時33分)","0.07
(14時31分)","0.06
(13時30分)","0.07
(16時17分)","0.07
(15時02分)","0.18
(14時40分)","1.14
(14時03分)","0.27
(13時35分)","0.15
(15時16分)","0.26
(13時00分)","1.73
(13時13分)","0.17
(15時00分)",,,,,,,,,,
11月2日(水),1回目,"0.08
(9時25分)","0.08
(9時35分)","0.07
(10時35分)","0.06
(11時37分)","0.07
(8時45分)","0.07
(10時06分)","0.17
(10時01分)","1.23
(9時23分)","0.30
(8時52分)","0.15
(10時35分)","0.26
(8時17分)","1.79
(8時29分)","0.18
(10時21分)",,,,,,,,,,
,2回目,"0.08
(15時46分)","0.09
(15時36分)","0.07
(14時32分)","0.06
(13時30分)","0.06
(16時15分)","0.07
(15時04分)","0.18
(14時48分)","1.21
(14時08分)","0.28
(13時39分)","0.14
(15時20分)","0.23
(13時04分)","1.77
(13時17分)","0.18
(15時07分)",,,,,,,,,,
11月3日(木),1回目,"0.09
(9時24分)","0.08
(9時35分)","0.09
(10時36分)","0.06
(11時37分)","0.06
(8時43分)","0.07
(10時03分)","0.18
(9時56分)","1.19
(9時20分)","0.28
(8時55分)","0.15
(10時30分)","0.25
(8時17分)","1.74
(8時29分)","0.16
(10時18分)",,,,,,,,,,
,2回目,"0.09
(15時47分)","0.08
(15時37分)","0.08
(14時32分)","0.07
(13時30分)","0.06
(16時19分)","0.06
(15時09分)","0.18
(14時39分)","1.17
(14時03分)","0.27
(13時38分)","0.16
(15時14分)","0.27
(13時05分)","1.74
(13時17分)","0.16
(14時58分)",,,,,,,,,,
11月4日(金),1回目,"0.09
(9時25分)","0.10
(9時34分)","0.07
(10時32分)","0.06
(11時30分)","0.06
(8時48分)","0.07
(10時03分)","0.18
(10時01分)","1.20
(9時23分)","0.30
(8時54分)","0.14
(10時35分)","0.26
(8時19分)","1.71
(8時32分)","0.16
(10時21分)",,,,,,,,,,
,2回目,"0.09
(15時37分)","0.09
(15時27分)","0.07
(14時30分)","0.06
(13時30分)","0.06
(16時13分)","0.07
(15時00分)","0.18
(14時54分)","1.21
(14時15分)","0.28
(13時47分)","0.14
(15時29分)","0.26
(13時11分)","1.68
(13時24分)","0.17
(15時14分)",,,,,,,,,,
11月5日(土),1回目,"0.09
(9時25分)","0.10
(9時34分)","0.08
(10時32分)","0.07
(11時30分)","0.06
(8時48分)","0.07
(10時03分)","0.16
(10時10分)","1.05
(9時29分)","0.30
(8時59分)","0.13
(10時43分)","0.26
(8時25分)","1.76
(8時37分)","0.15
(10時28分)",,,,,,,,,,
,2回目,"0.09
(15時39分)","0.09
(15時28分)","0.07
(14時30分)","0.06
(13時30分)","0.06
(16時10分)","0.07
(15時00分)","0.19
(14時31分)","1.23
(13時52分)","0.29
(13時25分)","0.15
(15時05分)","0.23
(12時49分)","1.42
(13時01分)","0.17
(14時51分)",,,,,,,,,,
11月6日(日),1回目,"0.09
(9時08分)","0.09
(9時18分)","0.09
(10時21分)","0.06
(11時24分)","0.07
(8時33分)","0.08
(9時45分)","0.20
(9時46分)","1.18
(9時13分)","0.29
(8時50分)","0.15
(10時24分)","0.26
(8時18分)","1.67
(8時29分)","0.17
(10時10分)",,,,,,,,,,
,2回目,"0.10
(15時40分)","0.10
(15時30分)","0.09
(14時30分)","0.07
(13時30分)","0.07
(16時18分)","0.08
(15時00分)","0.19
(14時22分)","1.17
(13時45分)","0.29
(13時20分)","0.15
(14時56分)","0.28
(12時45分)","1.70
(12時58分)","0.18
(14時40分)",,,,,,,,,,
11月7日(月),1回目,"0.09
(9時23分)","0.10
(9時36分)","0.08
(10時35分)","0.06
(11時38分)","0.06
(8時43分)","0.07
(10時05分)","0.19
(10時04分)","1.15
(9時26分)","0.28
(8時54分)","0.15
(10時40分)","0.25
(8時17分)","1.65
(8時30分)","0.18
(10時24分)",,,,,,,,,,
,2回目,"0.09
(15時37分)","0.09
(15時23分)","0.07
(14時22分)","0.06
(13時30分)","0.06
(16時14分)","0.07
(14時55分)","0.19
(14時51分)","1.10
(14時15分)","0.26
(13時45分)","0.16
(15時26分)","0.26
(13時08分)","1.69
(13時22分)","0.18
(15時12分)",,,,,,,,,,
11月8日(火),1回目,"0.10
(9時06分)","0.09
(9時16分)","0.08
(10時20分)","0.06
(11時20分)","0.07
(8時33分)","0.08
(9時45分)","0.19
(10時03分)","1.23
(9時25分)","0.28
(8時55分)","0.15
(10時38分)","0.28
(8時19分)","1.76
(8時32分)","0.17
(10時23分)",,,,,,,,,,
,2回目,"0.09
(15時43分)","0.09
(15時32分)","0.08
(14時27分)","0.06
(13時30分)","0.06
(16時18分)","0.07
(15時02分)","0.19
(14時51分)","1.19
(14時16分)","0.27
(13時49分)","0.15
(15時25分)","0.26
(13時10分)","1.76
(13時24分)","0.17
(15時11分)",,,,,,,,,,
11月9日(水),1回目,"0.09
(9時16分)","0.09
(9時27分)","0.07
(10時38分)","0.06
(11時33分)","0.06
(8時40分)","0.07
(10時01分)","0.19
(9時58分)","1.15
(9時19分)","0.29
(8時52分)","0.14
(10時29分)","0.25
(8時19分)","1.70
(8時30分)","0.16
(10時16分)",,,,,,,,,,
,2回目,"0.09
(15時38分)","0.09
(15時28分)","0.08
(14時30分)","0.07
(13時30分)","0.07
(16時14分)","0.07
(15時00分)","0.18
(14時58分)","1.19
(14時23分)","0.26
(13時53分)","0.15
(15時37分)","0.25
(13時17分)","1.70
(13時27分)","0.16
(15時21分)",,,,,,,,,,
11月10日(木),1回目,"0.09
(9時13分)","0.09
(9時25分)","0.07
(10時28分)","0.06
(11時24分)","0.07
(8時38分)","0.07
(9時54分)","0.18
(9時58分)","1.16
(9時20分)","0.28
(8時49分)","0.15
(10時29分)","0.25
(8時15分)","1.69
(8時26分)","0.16
(10時15分)",,,,,,,,,,
,2回目,"0.08
(15時42分)","0.09
(15時32分)","0.08
(14時30分)","0.06
(13時30分)","0.06
(16時19分)","0.07
(15時01分)","0.18
(14時55分)","1.16
(14時15分)","0.28
(13時43分)","0.14
(15時29分)","0.26
(13時11分)","1.68
(13時22分)","0.17
(15時15分)",,,,,,,,,,
11月11日(金),1回目,"0.09
(9時06分)","0.10
(9時16分)","0.09
(10時24分)","0.07
(11時27分)","0.07
(8時32分)","0.08
(9時46分)","0.19
(10時13分)","1.19
(9時33分)","0.28
(9時02分)","0.16
(10時53分)","0.27
(8時25分)","1.79
(8時37分)","0.17
(10時35分)",,,,,,,,,,
,2回目,"0.10
(15時53分)","0.10
(15時42分)","0.09
(14時35分)","0.07
(13時30分)","0.07
(16時27分)","0.08
(15時08分)","0.19
(14時53分)","1.21
(14時14分)","0.29
(13時47分)","0.16
(15時33分)","0.26
(13時13分)","1.72
(13時24分)","0.17
(15時16分)",,,,,,,,,,
11月12日(土),1回目,"0.09
(9時27分)","0.09
(9時37分)","0.07
(10時36分)","0.06
(11時30分)","0.07
(8時49分)","0.07
(10時05分)","0.18
(9時55分)","1.18
(9時19分)","0.28
(8時50分)","0.15
(10時31分)","0.26
(8時16分)","1.67
(8時27分)","0.17
(10時17分)",,,,,,,,,,
,2回目,"0.09
(15時45分)","0.08
(15時35分)","0.07
(14時28分)","0.06
(13時30分)","0.07
(16時20分)","0.07
(15時05分)","0.19
(14時22分)","1.16
(13時47分)","0.28
(13時21分)","0.14
(14時56分)","0.27
(12時45分)","1.67
(12時58分)","0.16
(14時42分)",,,,,,,,,,
11月13日(日),1回目,"0.08
(9時13分)","0.09
(9時23分)","0.08
(10時17分)","0.06
(11時10分)","0.06
(8時41分)","0.08
(9時48分)","0.19
(9時48分)","1.20
(9時13分)","0.29
(8時50分)","0.14
(10時24分)","0.27
(8時18分)","1.76
(8時29分)","0.17
(10時08分)",,,,,,,,,,
,2回目,"0.09
(15時24分)","0.08
(15時14分)","0.07
(14時16分)","0.06
(13時20分)","0.06
(16時10分)","0.07
(14時45分)","0.19
(14時30分)","1.20
(13時58分)","0.29
(13時34分)","0.15
(15時06分)","0.27
(12時59分)","1.76
(13時12分)","0.18
(14時50分)",,,,,,,,,,
11月14日(月),1回目,"0.09
(9時15分)","0.09
(9時25分)","0.06
(10時21分)","0.06
(11時20分)","0.06
(8時43分)","0.07
(9時52分)","0.19
(9時58分)","1.17
(9時24分)","0.26
(8時51分)","0.14
(10時32分)","0.26
(8時16分)","1.74
(8時28分)","0.17
(10時17分)",,,,,,,,,,
,2回目,"0.09
(15時50分)","0.08
(15時40分)","0.07
(14時30分)","0.06
(13時30分)","0.07
(16時25分)","0.06
(15時11分)","0.18
(14時50分)","1.14
(14時15分)","0.26
(13時42分)","0.14
(15時25分)","0.25
(13時08分)","1.70
(13時20分)","0.17
(15時10分)",,,,,,,,,,
11月15日(火),1回目,"0.09
(9時16分)","0.09
(9時26分)","0.08
(10時27分)","0.06
(11時21分)","0.06
(8時40分)","0.07
(9時56分)","0.18
(9時56分)","1.12
(9時24分)","0.27
(8時56分)","0.14
(10時29分)","0.27
(8時21分)","1.70
(8時33分)","0.16
(10時16分)",,,,,,,,,,
,2回目,"0.09
(15時41分)","0.09
(15時31分)","0.08
(14時25分)","0.06
(13時30分)","0.06
(16時16分)","0.07
(14時55分)","0.18
(15時01分)","1.16
(14時24分)","0.28
(13時51分)","0.15
(15時36分)","0.26
(13時18分)","1.72
(13時29分)","0.16
(15時21分)",,,,,,,,,,
11月16日(水),1回目,"0.09
(9時07分)","0.09
(9時17分)","0.08
(10時20分)","0.06
(11時25分)","0.06
(8時31分)","0.07
(9時49分)","0.19
(10時10分)","1.18
(9時32分)","0.27
(9時03分)","0.15
(10時47分)","0.25
(8時27分)","1.68
(8時37分)","0.17
(10時32分)",,,,,,,,,,
,2回目,"0.09
(15時42分)","0.09
(15時32分)","0.08
(14時32分)","0.07
(13時30分)","0.07
(16時16分)","0.07
(15時03分)","0.18
(14時49分)","1.15
(14時13分)","0.26
(13時45分)","0.16
(15時21分)","0.27
(13時11分)","1.75
(13時23分)","0.16
(15時09分)",,,,,,,,,,
11月17日(木),1回目,"0.09
(9時08分)","0.09
(9時18分)","0.08
(10時13分)","0.06
(11時10分)","0.06
(8時34分)","0.07
(9時45分)","0.19
(10時04分)","1.19
(9時28分)","0.28
(9時00分)","0.14
(10時39分)","0.26
(8時23分)","1.69
(8時36分)","0.16
(10時26分)",,,,,,,,,,
,2回目,"0.09
(15時35分)","0.09
(15時25分)","0.06
(14時28分)","0.06
(13時30分)","0.06
(16時10分)","0.07
(14時56分)","0.19
(14時56分)","1.18
(14時17分)","0.27
(13時50分)","0.15
(15時33分)","0.27
(13時14分)","1.70
(13時27分)","0.16
(15時17分)",,,,,,,,,,
11月18日(金),1回目,"0.09
(9時17分)","0.08
(9時28分)","0.08
(10時26分)","0.06
(11時19分)","0.06
(8時31分)","0.07
(9時56分)","0.20
(9時58分)","1.22
(9時23分)","0.28
(8時58分)","0.15
(10時31分)","0.26
(8時23分)","1.75
(8時35分)","0.16
(10時18分)",,,,,,,,,,
,2回目,"0.09
(15時37分)","0.08
(15時27分)","0.08
(14時27分)","0.06
(13時30分)","0.07
(16時12分)","0.07
(14時58分)","0.19
(14時51分)","1.19
(14時16分)","0.28
(13時50分)","0.15
(15時26分)","0.25
(13時15分)","1.75
(13時26分)","0.15
(15時12分)",,,,,,,,,,
11月19日(土),1回目,"0.09
(9時03分)","0.09
(9時13分)","0.09
(10時17分)","0.06
(11時12分)","0.07
(8時28分)","0.08
(9時43分)","0.21
(9時49分)","1.12
(9時13分)","0.27
(8時47分)","0.15
(10時27分)","0.26
(8時14分)","1.77
(8時26分)","0.16
(10時10分)",,,,,,,,,,
,2回目,"0.08
(15時36分)","0.09
(15時25分)","0.08
(14時18分)","0.08
(13時20分)","0.07
(16時08分)","0.07
(14時54分)","0.18
(14時36分)","1.14
(14時03分)","0.28
(13時38分)","0.14
(15時15分)","0.26
(13時02分)","1.73
(13時14分)","0.16
(15時00分)",,,,,,,,,,
11月20日(日),1回目,"0.09
(9時15分)","0.10
(9時25分)","0.07
(10時27分)","0.06
(11時21分)","0.06
(8時41分)","0.08
(9時54分)","0.19
(9時50分)","1.15
(9時21分)","0.26
(8時56分)","0.15
(10時25分)","0.27
(8時19分)","1.72
(8時31分)","0.18
(10時10分)",,,,,,,,,,
,2回目,"0.09
(15時29分)","0.10
(15時20分)","0.08
(14時26分)","0.06
(13時30分)","0.07
(16時06分)","0.08
(14時54分)","0.19
(14時36分)","1.21
(14時04分)","0.28
(13時40分)","0.16
(15時07分)","0.27
(13時05分)","1.76
(13時19分)","0.17
(14時53分)",,,,,,,,,,
11月21日(月),1回目,"0.10
(9時21分)","0.10
(9時32分)","0.08
(10時33分)","0.06
(11時29分)","0.06
(8時42分)","0.08
(10時00分)","0.18
(9時53分)","1.14
(9時18分)","0.28
(8時52分)","0.15
(10時28分)","0.26
(8時20分)","1.72
(8時30分)","0.17
(10時14分)",,,,,,,,,,
,2回目,"0.09
(15時39分)","0.09
(15時29分)","0.08
(14時27分)","0.06
(13時30分)","0.07
(16時15分)","0.07
(14時58分)","0.20
(14時53分)","1.10
(14時19分)","0.27
(13時52分)","0.15
(15時31分)","0.26
(13時15分)","1.74
(13時30分)","0.17
(15時16分)",,,,,,,,,,
11月22日(火),1回目,"0.09
(9時10分)","0.09
(9時20分)","0.08
(10時21分)","0.05
(11時19分)","0.06
(8時33分)","0.07
(9時48分)","0.18
(9時56分)","1.15
(9時23分)","0.30
(8時54分)","0.14
(10時28分)","0.25
(8時19分)","1.72
(8時32分)","0.17
(10時15分)",,,,,,,,,,
,2回目,"0.10
(15時36分)","0.09
(15時25分)","0.07
(14時25分)","0.06
(13時20分)","0.06
(16時14分)","0.07
(14時56分)","0.19
(14時50分)","1.14
(14時17分)","0.27
(13時47分)","0.15
(15時24分)","0.25
(13時14分)","1.69
(13時26分)","0.17
(15時10分)",,,,,,,,,,
11月23日(水),1回目,"0.09
(9時06分)","0.10
(9時17分)","0.08
(10時16分)","0.07
(11時16分)","0.07
(8時32分)","0.08
(9時43分)","0.18
(10時00分)","1.18
(9時23分)","0.29
(8時57分)","0.15
(10時37分)","0.26
(8時22分)","1.74
(8時33分)","0.18
(10時23分)",,,,,,,,,,
,2回目,"0.09
(15時32分)","0.09
(15時23分)","0.08
(14時22分)","0.06
(13時20分)","0.06
(16時08分)","0.07
(14時52分)","0.19
(14時31分)","1.17
(13時59分)","0.27
(13時33分)","0.15
(15時09分)","0.28
(12時57分)","1.66
(13時08分)","0.17
(14時53分)",,,,,,,,,,
11月24日(木),1回目,"0.10
(9時06分)","0.10
(9時17分)","0.09
(10時16分)","0.07
(11時16分)","0.07
(8時32分)","0.07
(9時43分)","0.19
(10時03分)","1.19
(9時22分)","0.29
(8時56分)","0.14
(10時36分)","0.27
(8時24分)","1.77
(8時34分)","0.17
(10時22分)",,,,,,,,,,
,2回目,"0.10
(15時38分)","0.10
(15時28分)","0.09
(14時30分)","0.07
(13時30分)","0.07
(16時08分)","0.07
(15時00分)","0.20
(14時55分)","1.19
(14時20分)","0.29
(13時50分)","0.15
(15時30分)","0.27
(13時15分)","1.78
(13時26分)","0.17
(15時15分)",,,,,,,,,,
11月25日(金),1回目,"0.10
(9時12分)","0.09
(9時22分)","0.09
(10時23分)","0.07
(11時14分)","0.06
(8時34分)","0.08
(9時50分)","0.20
(9時52分)","1.19
(9時17分)","0.26
(8時51分)","0.14
(10時28分)","0.26
(8時17分)","1.73
(8時28分)","0.18
(10時13分)",,,,,,,,,,
,2回目,"0.10
(15時39分)","0.09
(15時28分)","0.08
(14時25分)","0.07
(13時30分)","0.06
(16時17分)","0.08
(14時56分)","0.18
(14時54分)","1.18
(14時17分)","0.26
(13時50分)","0.15
(15時32分)","0.25
(13時14分)","1.76
(13時27分)","0.16
(15時18分)",,,,,,,,,,
11月26日(土),1回目,"0.09
(9時08分)","0.10
(9時19分)","0.07
(10時27分)","0.06
(11時26分)","0.06
(8時33分)","0.07
(9時51分)","0.18
(9時55分)","1.12
(9時21分)","0.27
(8時53分)","0.14
(10時30分)","0.25
(8時19分)","1.73
(8時31分)","0.16
(10時17分)",,,,,,,,,,
,2回目,"0.09
(15時37分)","0.10
(15時26分)","0.07
(14時20分)","0.06
(13時20分)","0.07
(16時15分)","0.08
(14時51分)","0.18
(14時40分)","1.16
(14時07分)","0.27
(13時40分)","0.14
(15時12分)","0.26
(13時05分)","1.73
(13時17分)","0.17
(14時57分)",,,,,,,,,,
11月27日(日),1回目,"0.09
(9時20分)","0.09
(9時29分)","0.08
(10時28分)","0.07
(11時31分)","0.06
(8時44分)","0.07
(9時57分)","0.18
(9時47分)","1.17
(9時17分)","0.27
(8時54分)","0.14
(10時26分)","0.26
(8時23分)","1.71
(8時34分)","0.18
(10時10分)",,,,,,,,,,
,2回目,"0.09
(15時39分)","0.10
(15時29分)","0.08
(14時27分)","0.06
(13時30分)","0.06
(16時08分)","0.07
(14時57分)","0.19
(14時35分)","1.16
(14時02分)","0.27
(13時39分)","0.15
(15時07分)","0.27
(13時08分)","1.72
(13時19分)","0.16
(14時53分)",,,,,,,,,,
11月28日(月),1回目,"0.09
(9時15分)","0.10
(9時26分)","0.08
(10時27分)","0.06
(11時20分)","0.06
(8時39分)","0.07
(9時55分)","0.18
(9時58分)","1.10
(9時20分)","0.26
(8時51分)","0.14
(10時33分)","0.25
(8時19分)","1.74
(8時30分)","0.16
(10時18分)",,,,,,,,,,
,2回目,"0.09
(15時30分)","0.09
(15時20分)","0.07
(14時19分)","0.06
(13時20分)","0.07
(16時05分)","0.06
(14時51分)","0.18
(14時47分)","1.11
(14時14分)","0.27
(13時48分)","0.13
(15時22分)","0.26
(13時13分)","1.73
(13時25分)","0.16
(15時07分)",,,,,,,,,,
11月29日(火),1回目,"0.09
(9時17分)","0.10
(9時26分)","0.08
(10時25分)","0.06
(11時25分)","0.07
(8時41分)","0.07
(9時56分)","0.19
(10時00分)","1.15
(9時23分)","0.30
(8時55分)","0.14
(10時32分)","0.25
(8時21分)","1.69
(8時34分)","0.18
(10時20分)",,,,,,,,,,
,2回目,"0.09
(15時35分)","0.09
(15時24分)","0.08
(14時26分)","0.06
(13時30分)","0.06
(16時10分)","0.07
(14時56分)","0.18
(14時51分)","1.13
(14時18分)","0.28
(13時48分)","0.15
(15時26分)","0.25
(13時15分)","1.72
(13時26分)","0.17
(15時13分)",,,,,,,,,,
11月30日(水),1回目,"0.09
(9時18分)","0.09
(9時28分)","0.08
(10時31分)","0.06
(11時29分)","0.06
(8時44分)","0.07
(10時01分)","0.19
(9時58分)","1.16
(9時21分)","0.27
(8時54分)","0.14
(10時35分)","0.28
(8時20分)","1.74
(8時31分)","0.17
(10時16分)",,,,,,,,,,
,2回目,"0.09
(15時32分)","0.09
(15時22分)","0.08
(14時27分)","0.06
(13時30分)","0.06
(16時02分)","0.08
(14時55分)","0.20
(14時54分)","1.12
(14時15分)","0.28
(13時47分)","0.15
(15時32分)","0.27
(13時13分)","1.69
(13時24分)","0.17
(15時17分)",,,,,,,,,,
,,,,,,,,,,,,,,,,,,,,,,,,
※留意点１　これまでの定点での測定値に加え、環境放射能測定値の高い地域周辺を移動して測定した結果です。,,,,,,,,,,,,,,,,,,,,,,,,
※留意点２　測定装置は全てサーベイメータです。,,,,,,,,,,,,,,,,,,,,,,,,
,,,,,,,,,,,,,,,,,,,,,,,,
,,,,,,,,,,,,,,,,,,,,,,,,
,,,,,,,,,,,,,,,,,,,,,,,,
いわき市　環境放射能測定結果（暫定値）,,,,,（第269報）,,,,モニタリング２－６(いわき市),,,,,,,,,,,,,,,
,,,,,,,,,,,平成23年11月1日～11月30日,,,,,,,,,,,,, 
,,,,,,,,,,,単位：μGy/h≒μSv/ｈ（ﾏｲｸﾛｸﾞﾚｲ/時間≒ﾏｲｸﾛｼｰﾍﾞﾙﾄ/時間）,,,,,,,,,,,,,
測定月日,測定回,いわき市地方,,,,,,,,,,,,,,,,,,,,,,
,,"いわき市
三和支所","いわき市
小川支所","いわき市
勿来支所","いわき市
田人支所","いわき市
小名浜支所","小名浜
藤原埠頭","いわき市
四倉支所",ＪＲ久ノ浜駅,"いわき市末続
集会所","いわき市
中央台南
小学校",,,,,,,,,,,,,
福島第一原発からの方向及び距離,,"南西
約４４Km","南南西
約３６Km","南南西
約６１Km","南南西
約６０Km","南南西
約５３Km","南南西
約５７Km","南
約３５Km","南
約３１Km","南
約２７Km","南南西
約４８Km",,,,,,,,,,,,,
11月1日(火),1回目,"0.16
(10時10分)","0.13
(8時35分)","0.08
(11時20分)","0.28
(11時00分)","0.11
(11時55分)","0.11
(11時40分)","0.21
(8時55分)","0.32
(9時10分)","0.36
(9時20分)","0.18
(12時20分)",,,,,,,,,,,,,
,2回目,－,－,"0.09
(15時35分)","0.28
(15時15分)","0.11
(16時10分)","0.11
(15時55分)","0.21
(14時00分)","0.31
(14時10分)","0.34
(14時20分)",－,,,,,,,,,,,,,
11月2日(水),1回目,"0.16
(10時10分)","0.13
(8時40分)","0.10
(11時20分)","0.28
(10時55分)","0.11
(11時55分)","0.11
(11時40分)","0.22
(9時00分)","0.28
(9時10分)","0.35
(9時20分)","0.20
(12時15分)",,,,,,,,,,,,,
,2回目,－,－,"0.09
(15時35分)","0.29
(15時15分)","0.11
(16時10分)","0.11
(15時55分)","0.20
(13時55分)","0.30
(14時10分)","0.36
(14時20分)",－,,,,,,,,,,,,,
11月3日(木),1回目,"0.17
(10時00分)","0.13
(8時30分)","0.10
(11時10分)","0.28
(10時45分)","0.11
(11時45分)","0.11
(11時30分)","0.21
(8時50分)","0.33
(9時05分)","0.37
(9時15分)","0.18
(12時10分)",,,,,,,,,,,,,
,2回目,－,－,"0.09
(15時25分)","0.28
(15時00分)","0.10
(15時50分)","0.11
(15時40分)","0.21
(13時50分)","0.32
(14時00分)","0.34
(14時10分)",－,,,,,,,,,,,,,
11月4日(金),1回目,"0.16
(10時10分)","0.13
(8時35分)","0.09
(11時20分)","0.28
(11時00分)","0.11
(11時50分)","0.11
(11時40分)","0.22
(9時00分)","0.31
(9時10分)","0.34
(9時20分)","0.19
(12時15分)",,,,,,,,,,,,,
,2回目,－,－,"0.09
(15時40分)","0.30
(15時15分)","0.11
(16時15分)","0.11
(16時00分)","0.21
(13時55分)","0.32
(14時10分)","0.35
(14時20分)",－,,,,,,,,,,,,,
11月5日(土),1回目,"0.16
(10時00分)","0.13
(8時35分)","0.09
(11時10分)","0.28
(10時45分)","0.12
(11時50分)","0.11
(11時30分)","0.21
(8時55分)","0.31
(9時10分)","0.36
(9時20分)","0.18
(12時10分)",,,,,,,,,,,,,
,2回目,－,－,"0.10
(15時30分)","0.28
(15時05分)","0.11
(16時00分)","0.11
(15時45分)","0.22
(13時55分)","0.31
(14時05分)","0.37
(14時15分)",－,,,,,,,,,,,,,
11月6日(日),1回目,"0.17
(9時55分)","0.13
(8時30分)","0.09
(11時00分)","0.29
(10時40分)","0.11
(11時35分)","0.11
(11時20分)","0.20
(8時50分)","0.33
(9時00分)","0.35
(9時10分)","0.18
(12時00分)",,,,,,,,,,,,,
,2回目,－,－,"0.10
(15時30分)","0.29
(15時05分)","0.13
(16時05分)","0.11
(15時50分)","0.21
(13時50分)","0.33
(14時00分)","0.35
(14時10分)",－,,,,,,,,,,,,,
11月7日(月),1回目,"0.17
(10時05分)","0.13
(8時35分)","0.08
(11時20分)","0.28
(10時55分)","0.12
(11時50分)","0.10
(11時35分)","0.20
(8時55分)","0.31
(9時10分)","0.34
(9時20分)","0.18
(12時15分)",,,,,,,,,,,,,
,2回目,－,－,"0.09
(15時30分)","0.28
(15時05分)","0.12
(16時00分)","0.11
(15時45分)","0.21
(13時50分)","0.31
(14時00分)","0.36
(14時10分)",－,,,,,,,,,,,,,
11月8日(火),1回目,"0.16
(10時10分)","0.13
(8時35分)","0.09
(11時20分)","0.28
(10時55分)","0.11
(11時50分)","0.11
(11時40分)","0.20
(9時00分)","0.31
(9時10分)","0.35
(9時20分)","0.18
(12時15分)",,,,,,,,,,,,,
,2回目,－,－,"0.08
(15時35分)","0.28
(15時10分)","0.11
(16時10分)","0.11
(15時55分)","0.21
(13時55分)","0.33
(14時05分)","0.35
(14時15分)",－,,,,,,,,,,,,,
11月9日(水),1回目,"0.16
(10時05分)","0.13
(8時30分)","0.08
(11時10分)","0.29
(10時50分)","0.11
(11時45分)","0.11
(11時30分)","0.21
(8時50分)","0.31
(9時05分)","0.34
(9時15分)","0.19
(12時05分)",,,,,,,,,,,,,
,2回目,－,－,"0.08
(15時20分)","0.28
(15時00分)","0.12
(15時55分)","0.11
(15時45分)","0.21
(13時45分)","0.32
(14時00分)","0.35
(14時10分)",－,,,,,,,,,,,,,
11月10日(木),1回目,"0.17
(10時15分)","0.13
(8時35分)","0.09
(11時25分)","0.28
(10時55分)","0.11
(12時05分)","0.10
(11時50分)","0.20
(9時00分)","0.31
(9時10分)","0.36
(9時25分)","0.18
(12時30分)",,,,,,,,,,,,,
,2回目,－,－,"0.10
(15時40分)","0.28
(15時15分)","0.11
(16時20分)","0.11
(16時00分)","0.21
(14時00分)","0.29
(14時10分)","0.35
(14時20分)",－,,,,,,,,,,,,,
11月11日(金),1回目,"0.16
(10時05分)","0.13
(8時35分)","0.10
(11時15分)","0.29
(10時50分)","0.11
(11時50分)","0.11
(11時35分)","0.21
(8時55分)","0.32
(9時10分)","0.35
(9時15分)","0.18
(12時15分)",,,,,,,,,,,,,
,2回目,－,－,"0.10
(15時40分)","0.29
(15時15分)","0.12
(16時15分)","0.10
(16時00分)","0.21
(14時00分)","0.31
(14時10分)","0.35
(14時20分)",－,,,,,,,,,,,,,
11月12日(土),1回目,"0.16
(10時00分)","0.13
(8時30分)","0.09
(11時15分)","0.28
(10時50分)","0.12
(11時45分)","0.12
(11時30分)","0.22
(8時55分)","0.33
(9時10分)","0.35
(9時20分)","0.19
(12時10分)",,,,,,,,,,,,,
,2回目,－,－,"0.10
(15時20分)","0.28
(15時00分)","0.11
(15時55分)","0.11
(15時40分)","0.20
(13時45分)","0.32
(13時55分)","0.35
(14時05分)",－,,,,,,,,,,,,,
11月13日(日),1回目,"0.16
(10時05分)","0.13
(8時40分)","0.09
(11時15分)","0.28
(10時55分)","0.11
(11時45分)","0.11
(11時30分)","0.20
(9時00分)","0.33
(9時15分)","0.36
(9時25分)","0.18
(12時10分)",,,,,,,,,,,,,
,2回目,－,－,"0.09
(15時25分)","0.28
(15時10分)","0.11
(15時55分)","0.11
(15時45分)","0.19
(13時50分)","0.32
(14時05分)","0.36
(14時15分)",－,,,,,,,,,,,,,
11月14日(月),1回目,"0.17
(10時10分)","0.13
(8時40分)","0.09
(11時25分)","0.28
(11時00分)","0.11
(12時00分)","0.11
(11時45分)","0.21
(9時05分)","0.33
(9時15分)","0.35
(9時25分)","0.18
(12時25分)",,,,,,,,,,,,,
,2回目,－,－,"0.09
(15時25分)","0.28
(15時00分)","0.12
(16時00分)","0.11
(15時40分)","0.21
(13時50分)","0.32
(14時00分)","0.35
(14時10分)",－,,,,,,,,,,,,,
11月15日(火),1回目,"0.15
(10時05分)","0.13
(8時35分)","0.09
(11時20分)","0.28
(10時55分)","0.12
(11時55分)","0.11
(11時40分)","0.22
(9時00分)","0.31
(9時10分)","0.36
(9時20分)","0.19
(12時20分)",,,,,,,,,,,,,
,2回目,－,－,"0.09
(15時30分)","0.27
(15時10分)","0.11
(16時00分)","0.11
(15時50分)","0.22
(13時55分)","0.32
(14時05分)","0.34
(14時15分)",－,,,,,,,,,,,,,
11月16日(水),1回目,"0.16
(10時00分)","0.13
(8時35分)","0.09
(11時10分)","0.29
(10時50分)","0.12
(11時45分)","0.11
(11時30分)","0.20
(8時55分)","0.31
(9時05分)","0.37
(9時15分)","0.18
(12時05分)",,,,,,,,,,,,,
,2回目,－,－,"0.09
(15時25分)","0.28
(15時05分)","0.12
(16時00分)","0.11
(15時45分)","0.20
(13時50分)","0.29
(14時00分)","0.35
(14時10分)",－,,,,,,,,,,,,,
11月17日(木),1回目,"0.16
(10時10分)","0.13
(8時35分)","0.09
(11時20分)","0.28
(11時00分)","0.11
(11時55分)","0.10
(11時40分)","0.19
(8時55分)","0.32
(9時10分)","0.35
(9時20分)","0.18
(12時20分)",,,,,,,,,,,,,
,2回目,－,－,"0.09
(15時40分)","0.28
(15時15分)","0.11
(16時15分)","0.11
(16時00分)","0.18
(14時00分)","0.29
(14時10分)","0.35
(14時20分)",－,,,,,,,,,,,,,
11月18日(金),1回目,"0.16
(10時10分)","0.13
(8時40分)","0.09
(11時25分)","0.28
(11時00分)","0.12
(12時00分)","0.11
(11時45分)","0.22
(9時05分)","0.33
(9時15分)","0.35
(9時25分)","0.18
(12時25分)",,,,,,,,,,,,,
,2回目,－,－,"0.09
(15時30分)","0.28
(15時10分)","0.12
(16時05分)","0.11
(15時55分)","0.20
(13時55分)","0.30
(14時05分)","0.34
(14時15分)",－,,,,,,,,,,,,,
11月19日(土),1回目,"0.16
(10時15分)","0.13
(8時30分)","0.09
(11時30分)","0.28
(11時00分)","0.11
(12時05分)","0.11
(11時50分)","0.19
(9時00分)","0.31
(9時15分)","0.36
(9時25分)","0.18
(12時30分)",,,,,,,,,,,,,
,2回目,－,－,"0.10
(15時40分)","0.30
(15時20分)","0.12
(16時10分)","0.10
(15時55分)","0.20
(14時00分)","0.31
(14時15分)","0.34
(14時25分)",－,,,,,,,,,,,,,
11月20日(日),1回目,"0.17
(10時05分)","0.12
(8時35分)","0.09
(11時35分)","0.28
(11時10分)","0.11
(12時05分)","0.11
(11時55分)","0.20
(9時00分)","0.29
(9時10分)","0.35
(9時20分)","0.19
(12時25分)",,,,,,,,,,,,,
,2回目,－,－,"0.09
(15時25分)","0.29
(15時05分)","0.11
(15時55分)","0.10
(15時40分)","0.20
(13時50分)","0.29
(14時10分)","0.35
(14時15分)",－,,,,,,,,,,,,,
11月21日(月),1回目,"0.16
(10時05分)","0.13
(8時35分)","0.10
(11時15分)","0.29
(10時50分)","0.11
(12時10分)","0.11
(11時55分)","0.21
(9時00分)","0.29
(9時10分)","0.36
(9時20分)","0.18
(12時30分)",,,,,,,,,,,,,
,2回目,－,－,"0.09
(15時35分)","0.28
(15時10分)","0.11
(16時10分)","0.11
(15時55分)","0.22
(13時55分)","0.29
(14時10分)","0.36
(14時20分)",－,,,,,,,,,,,,,
11月22日(火),1回目,"0.16
(10時10分)","0.14
(8時35分)","0.10
(11時20分)","0.28
(10時55分)","0.11
(11時55分)","0.11
(11時40分)","0.21
(9時00分)","0.29
(9時10分)","0.36
(9時20分)","0.18
(12時20分)",,,,,,,,,,,,,
,2回目,－,－,"0.09
(15時40分)","0.28
(15時15分)","0.11
(16時15分)","0.11
(16時00分)","0.21
(13時55分)","0.28
(14時10分)","0.34
(14時20分)",－,,,,,,,,,,,,,
11月23日(水),1回目,"0.17
(10時05分)","0.13
(8時35分)","0.10
(11時15分)","0.29
(10時50分)","0.11
(11時40分)","0.11
(11時30分)","0.22
(9時00分)","0.31
(9時10分)","0.37
(9時20分)","0.18
(12時00分)",,,,,,,,,,,,,
,2回目,－,－,"0.09
(15時20分)","0.28
(15時00分)","0.11
(15時50分)","0.11
(15時40分)","0.20
(13時45分)","0.32
(14時00分)","0.35
(14時10分)",－,,,,,,,,,,,,,
11月24日(木),1回目,"0.16
(10時15分)","0.14
(8時40分)","0.09
(11時25分)","0.28
(11時05分)","0.11
(12時05分)","0.11
(11時55分)","0.21
(9時05分)","0.29
(9時20分)","0.35
(9時30分)","0.19
(12時30分)",,,,,,,,,,,,,
,2回目,－,－,"0.09
(15時35分)","0.29
(15時15分)","0.12
(16時10分)","0.11
(15時55分)","0.23
(13時55分)","0.29
(14時05分)","0.36
(14時15分)",－,,,,,,,,,,,,,
11月25日(金),1回目,"0.16
(10時05分)","0.13
(8時35分)","0.09
(11時05分)","0.29
(10時45分)","0.12
(11時40分)","0.11
(11時20分)","0.22
(8時55分)","0.32
(9時05分)","0.35
(9時10分)","0.19
(12時00分)",,,,,,,,,,,,,
,2回目,－,－,"0.09
(15時30分)","0.28
(15時05分)","0.11
(16時05分)","0.11
(15時50分)","0.21
(13時50分)","0.28
(14時00分)","0.35
(14時10分)",－,,,,,,,,,,,,,
11月26日(土),1回目,"0.17
(10時00分)","0.12
(8時30分)","0.09
(11時05分)","0.29
(10時45分)","0.11
(11時55分)","0.12
(11時40分)","0.21
(8時50分)","0.31
(9時05分)","0.36
(9時15分)","0.18
(12時15分)",,,,,,,,,,,,,
,2回目,－,－,"0.09
(15時25分)","0.28
(15時00分)","0.11
(15時50分)","0.10
(15時40分)","0.21
(13時55分)","0.30
(14時00分)","0.34
(14時10分)",－,,,,,,,,,,,,,
11月27日(日),1回目,"0.16
(9時55分)","0.13
(8時35分)","0.10
(11時10分)","0.30
(10時40分)","0.11
(11時45分)","0.12
(11時30分)","0.22
(8時55分)","0.32
(9時05分)","0.35
(9時15分)","0.18
(12時10分)",,,,,,,,,,,,,
,2回目,－,－,"0.10
(15時20分)","0.27
(15時00分)","0.11
(15時50分)","0.11
(15時40分)","0.19
(13時50分)","0.31
(14時00分)","0.35
(14時10分)",－,,,,,,,,,,,,,
11月28日(月),1回目,"0.17
(10時15分)","0.13
(8時45分)","0.09
(11時30分)","0.27
(11時10分)","0.11
(12時10分)","0.11
(11時50分)","0.20
(9時10分)","0.31
(9時20分)","0.36
(9時30分)","0.19
(12時35分)",,,,,,,,,,,,,
,2回目,－,－,"0.09
(15時45分)","0.28
(15時20分)","0.11
(16時25分)","0.11
(16時05分)","0.22
(14時05分)","0.31
(14時15分)","0.35
(14時25分)",－,,,,,,,,,,,,,
11月29日(火),1回目,"0.17
(10時15分)","0.13
(8時40分)","0.09
(11時25分)","0.28
(11時00分)","0.11
(12時00分)","0.10
(11時45分)","0.21
(9時05分)","0.30
(9時20分)","0.36
(9時30分)","0.16
(12時20分)",,,,,,,,,,,,,
,2回目,－,－,"0.09
(15時35分)","0.28
(15時10分)","0.12
(16時10分)","0.11
(15時55分)","0.19
(13時55分)","0.30
(14時05分)","0.36
(14時15分)",－,,,,,,,,,,,,,
11月30日(水),1回目,"0.16
(9時55分)","0.14
(8時25分)","0.08
(11時00分)","0.29
(10時35分)","0.10
(11時40分)","0.11
(11時20分)","0.22
(8時45分)","0.28
(8時55分)","0.36
(9時05分)","0.18
(12時00分)",,,,,,,,,,,,,
,2回目,－,－,"0.09
(15時00分)","0.29
(14時35分)","0.11
(15時35分)","0.10
(15時20分)","0.22
(13時20分)","0.32
(13時30分)","0.34
(13時40分)",－,,,,,,,,,,,,,
,,,,,,,,,,,,,,,,,,,,,,,,
※留意点１　これまでの定点での測定値に加え、環境放射能測定値の高い地域周辺を移動して測定した結果です。,,,,,,,,,,,,,,,,,,,,,,,,
※留意点２　測定装置は全てサーベイメータです。,,,,,,,,,,,,,,,,,,,,,,,,
